"cas_number","dtxsid","preferred_name","mw_g_mol"
"116421-29-5","DTXSID6027131","1H-1,2,4-Triazole",69.067
"196611-19-5","DTXSID301017839","1-(2-Amino-3-methylphenyl)ethan-1-ol",151.209
"61520-53-4","DTXSID00866860","2-[(2-Ethyl-6-methylphenyl)amino]-1-propanol",193.29
"30391-89-0","DTXSID7041627","2-Amino-N-(1-methylethyl)benzamide",178.235
"934-32-7","DTXSID1024465","2-Aminobenzimidazole",133.154
"6967-29-9","DTXSID50219963","2-Chloro-N-(2,6-diethylphenyl)acetamide",225.72
"2163-68-0","DTXSID6037807","2-Hydroxyatrazine",197.242
"2814-20-2","DTXSID1027502","2-Isopropyl-6-methyl-4-pyrimidone",152.197
"16655-82-6","DTXSID2037506","3-Hydroxycarbofuran",237.255
"3739-38-6","DTXSID1038321","3-Phenoxybenzoic acid",214.22
"2327-02-8","DTXSID2041468","N-(3,4-Dichlorophenyl)urea",205.04
"56750-76-6","DTXSID7074741","3,5-Dinitro-4-((1-ethylpropyl)amino)-2-methylbenzenemethanol",297.311
"934-73-6","DTXSID8023975","4-Chlorophenyl methyl sulfoxide",174.64
"66747-12-4","DTXSID50985318","S-Ethyl hexahydro-4-hydroxy-1H-azepine-1-carbothioate",203.3
"28343-61-5","DTXSID90182586","4-Hydroxy-2,5,6-trichloroisophthalonitrile",247.46
"72576-13-7","DTXSID4037619","6-(Dimethylamino)-3-(4-hydroxycyclohexyl)-1-methyl-1,3,5-triazine-2,4(1H,3H)-dione",268.317
"30560-19-1","DTXSID8023846","Acephate",183.16
"34256-82-1","DTXSID8023848","Acetochlor",269.77
"32428-71-0","DTXSID60186172","2-Chloro-N-(2-ethyl-6-methylphenyl)acetamide",211.69
"187022-11-3","DTXSID6037483","Acetochlor ESA",315.38
"194992-44-4","DTXSID1037484","Acetochlor OA",265.309
"618113-86-3","DTXSID001017866","Acetochlor sulfynilacetic acid",341.42
"15972-60-8","DTXSID1022265","Alachlor",269.77
"142363-53-9","DTXSID6037485","Alachlor ESA",315.38
"171262-17-2","DTXSID1037486","2-[(2,6-Diethylphenyl)(methoxymethyl)amino]-2-oxoacetic Acid",265.309
"494847-39-1","DTXSID701017867","Alachlor sulfynilacetic acid",341.42
"116-06-3","DTXSID0039223","Aldicarb",190.26
"1646-87-3","DTXSID1033161","Aldicarb sulfoxide",206.26
"834-12-8","DTXSID1023869","Ametryn",227.33
"3337-71-1","DTXSID8023890","Asulam",230.24
"1912-24-9","DTXSID9020112","Atrazine",215.69
"86-50-0","DTXSID3020122","Azinphos-methyl",317.32
"961-22-8","DTXSID4058499","Azinphos-methyl oxon",301.26
"131860-33-8","DTXSID0032520","Azoxystrobin",403.394
"25057-89-0","DTXSID0023901","Bentazone",240.28
"82657-04-3","DTXSID9020160","Bifenthrin",422.87
"314-40-9","DTXSID4022020","Bromacil",261.119
"1689-84-5","DTXSID3022162","Bromoxynil",276.915
"33629-47-9","DTXSID3032337","Butralin",295.339
"2008-41-5","DTXSID7023936","Butylate",217.37
"63-25-2","DTXSID9020247","Carbaryl",201.225
"10605-21-7","DTXSID4024729","Carbendazim",191.19
"1563-66-2","DTXSID9020249","Carbofuran",221.256
"66747-13-5","DTXSID401017868","Carboxy molinate",217.28
"90982-32-4","DTXSID0023955","Chlorimuron-ethyl",414.82
"90982-32-4","DTXSID0023955","Chlorimuron-ethyl",414.82
"130-45-0",NA,NA,NA
"2921-88-2","DTXSID4020458","Chlorpyrifos",350.57
"5598-15-2","DTXSID1038666","Chlorpyrifos oxon",334.51
"64902-72-3","DTXSID7023980","Chlorsulfuron",357.77
"68127-59-3","DTXSID70887168","cis-Cyhalothric acid",242.62
"61949-76-6","DTXSID0038338","(+/-)-cis-Permethrin",391.29
"21725-46-2","DTXSID1023990","Cyanazine",240.7
"887-54-7","DTXSID9041782","Chlorthal-monomethyl",317.93
"",NA,NA,NA
"126605-22-9","DTXSID901017794","Dechlorometolachlor",249.354
"6190-65-4","DTXSID5037494","Desethylatrazine",187.63
"19988-24-0","DTXSID80173802","4-Amino-6-[(1-methylethyl)amino]-1,3,5-triazin-2(1H)-one",169.188
"4147-57-3","DTXSID30194365","Deethylametryne",199.28
"1007-28-9","DTXSID0037495","Deisopropylatrazine",173.6
"7313-54-4","DTXSID6074756","4-Amino-6-(ethylamino)-1,3,5-triazin-2(1H)-one",155.161
"3032-40-4","DTXSID80184413","N-Methyl-N′-[3-(trifluoromethyl)phenyl]urea",218.179
"56611-54-2","DTXSID3037620","3-Cyclohexyl-1-methyl-6-(methylamino)-1,3,5-triazine-2,4(1H,3H)-dione",238.291
"23576-24-1","DTXSID1041841","Desmethylnorflurazon",289.64
"52236-30-3","DTXSID9052840","6-(1,1-Dimethylethyl)-1,2,4-triazine-3,5(2H,4H)-dione",169.184
"333-41-5","DTXSID9020407","Diazinon",304.34
"962-58-3","DTXSID5037523","Diazoxon",288.284
"1918-00-9","DTXSID4024018","Dicamba",221.03
"62-73-7","DTXSID5020449","Dichlorvos",220.97
"141-66-2","DTXSID9023914","Dicrotophos",237.192
"3397-62-4","DTXSID1037806","6-Chloro-1,3,5-triazine-2,4-diamine",145.55
"35367-38-5","DTXSID1024049","Diflubenzuron",310.68
"109293-97-2","DTXSID8034538","Diflufenzopyr",334.283
"143701-75-1","DTXSID50894951","alpha-(Cyclopropylcarbonyl)-2-(methylsulfonyl)-beta-oxo-4-(trifluoromethyl)benzenepropanenitrile",359.32
"87674-68-8","DTXSID4032376","Dimethenamid",275.79
"205939-58-8","DTXSID50891445","Dimethenamide ESA",321.41
"60-51-5","DTXSID7020479","Dimethoate",229.25
"1113-02-6","DTXSID4037580","Omethoate",213.19
"298-04-4","DTXSID0022018","Disulfoton",274.39
"126-75-0","DTXSID9037535","Demeton-S",258.33
"2496-92-6","DTXSID7042229","O,O-diethyl S-[2-(ethylsulfinyl)-ethyl]phosphorothioate",274.33
"2496-91-5","DTXSID6042230","O,O-diethyl S-[2-(ethylsulfonyl)-ethyl]phosphorothioate",290.33
"2497-06-5","DTXSID8041901","Disulfoton sulfone",306.39
"2497-07-6","DTXSID4037536","Oxydisulfoton",290.39
"330-54-1","DTXSID0020446","Diuron",233.09
"759-94-4","DTXSID1024091","S-Ethyl dipropylthiocarbamate",189.32
"65109-69-5","DTXSID90793898","S-Ethyl N-(2-hydroxypropyl)-N-propylcarbamothioate",205.32
"13194-48-4","DTXSID4032611","Ethoprop",242.33
"153233-91-1","DTXSID8034586","Etoxazole",359.417
"131807-57-3","DTXSID8034588","Famoxadone",374.396
"22224-92-6","DTXSID3024102","Fenamiphos",303.36
"31972-44-8","DTXSID3037547","Fenamiphos sulfone",335.35
"31972-43-7","DTXSID8037548","Fenamiphos sulfoxide",319.36
"13356-08-6","DTXSID7032391","Fenbutatin oxide",1052.703
"668-34-8","DTXSID9058153","Fentin",350.027
"120068-37-3","DTXSID4034609","Fipronil",437.14
"120067-83-6","DTXSID50869644","Fipronil sulfide",421.14
"209248-72-6","DTXSID90904684","5-Amino-3-cyano-1-[2,6-dichloro-4-(trifluoromethyl)phenyl]-1H-pyrazole-4-sulfonic acid",401.14
"120068-36-2","DTXSID6074750","Fipronil sulfone",453.14
"272451-65-7","DTXSID4047672","Flubendiamide",682.39
"98967-40-9","DTXSID4032615","Flumetsulam",325.29
"2164-17-2","DTXSID8020628","Fluometuron",232.206
"944-22-9","DTXSID2024113","Fonofos",246.32
"100784-20-1","DTXSID9034650","Halosulfuron-methyl",434.81
"51235-04-2","DTXSID4024145","Hexazinone",252.318
"72585-88-7","DTXSID8037621","3-(4-Hydroxycyclohexyl)-1-methyl-6-(methylamino)-1,3,5-triazine-2,4(1H,3H)-dione",254.29
"30243-77-7","DTXSID3037622","1-Cyclohexyl-3-methyl-1,3,5-triazine-2,4,6(1H,3H,5H)-trione",225.248
"72576-14-8","DTXSID8037623","1-(4-Hydroxycyclohexyl)-3-methyl-1,3,5-triazine-2,4,6(1H,3H,5H)-trione",241.247
"60090-47-3","DTXSID6073576","N-(Ethoxymethyl)-N-(2-ethyl-6-methylphenyl)-2-hydroxyacetamide",251.326
"56681-55-1","DTXSID70205242","Hydroxyalachlor",251.326
"29820-16-4","DTXSID50183958","O,O-Diethyl O-[2-(1-hydroxy-1-methylethyl)-6-methylpyrimidin-4-yl]phosphorothioate",320.34
"131068-72-9","DTXSID40927060","N-(2-Ethyl-6-methylphenyl)-2-hydroxy-N -(2-methoxy-1-methylethyl)-acetamide",265.353
"2599-11-3","DTXSID6062547","Hydroxysimazine",183.215
"59962-54-8","DTXSID00208680","N-[5-(1,1-Dimethylethyl)-1,3,4-thiadiazol-2-yl]-N′-(hydroxymethyl)-N-methylurea",244.31
"114311-32-9","DTXSID3034664","Imazamox",305.334
"81335-37-7","DTXSID3024152","Imazaquin",311.341
"81335-77-5","DTXSID3024287","Imazethapyr",289.335
"138261413",NA,NA,NA
"173584-44-6","DTXSID1032690","Indoxacarb",527.84
"141112-29-0","DTXSID5034723","Isoxaflutole",359.32
"142994-06-7","DTXSID30869925","2-Methylsulfonyl-4-trifluoromethylbenzoic acid",268.21
"143390-89-0","DTXSID2032558","Kresoxim-methyl",313.353
"77501-63-4","DTXSID7024160","Lactofen",461.77
"330-55-2","DTXSID2024163","Linuron",249.09
"1634-78-2","DTXSID9020790","Malaoxon",314.29
"94-74-6","DTXSID4024195","2-(4-Chloro-2-methylphenoxy)acetic acid",200.62
"57837-19-1","DTXSID6024175","Metalaxyl",279.336
"125116-23-6","DTXSID4034497","Metconazole",319.83
"10265-92-6","DTXSID6024177","Methamidophos",141.12
"950-37-8","DTXSID5020819","Methidathion",302.32
"16752-77-5","DTXSID1022267","Methomyl",162.21
"13749-94-5","DTXSID7027754","S-Methyl N-hydroxythioacetimidate",105.16
"161050-58-4","DTXSID3032628","Methoxyfenozide",368.477
"51218-45-2","DTXSID4022448","Metolachlor",283.8
"171118-09-5","DTXSID1037567","Metolachlor ESA",329.41
"61520-54-5","DTXSID60866861","4-(2-Ethyl-6-methylphenyl)-2-hydroxy-5-methyl-3-morpholinone",249.31
"152019-73-3","DTXSID6037568","Metolachlor OA",279.336
"21087-64-9","DTXSID6024204","Metribuzin",214.29
"35045-02-4","DTXSID0052839","Metribuzin-DA",199.27
"56507-37-0","DTXSID9037616","Diketometribuzin",184.199
"2212-67-1","DTXSID6024206","Molinate",187.3
"88671-89-0","DTXSID8024315","Myclobutanil",288.78
"3567-62-2","DTXSID3042180","N-(3,4-Dichlorophenyl)-N'-methylurea",219.07
"300-76-5","DTXSID1024209","Naled",380.78
"111991-09-4","DTXSID6034764","Nicosulfuron",410.41
"27314-13-2","DTXSID8024234","Norflurazon",303.67
"116714-46-6","DTXSID5034773","Novaluron",492.71
"76960-87-7","DTXSID1058474","O-ethyl O-methyl S-propylphosphorothioate (metabolite of ethoprop)",198.22
"76936-72-6","DTXSID701017843","O-ethyl S-methyl S-propyl phosphorodithioate",214.28
"31110-62-0","DTXSID4058360","O-Ethyl S-propyl phosphorothioic acid (Metabolite of ethoprop)",184.19
"213464-77-8","DTXSID4034788","Orthosulfamuron",424.43
"19044-88-3","DTXSID8024238","Oryzalin",346.36
"23135-22-0","DTXSID6021086","Oxamyl",219.26
"30558-43-1","DTXSID9029350","Oxamyl oxime",162.21
"42874-03-3","DTXSID7024241","Oxyfluorfen",361.7
"311-45-5","DTXSID6024046","Paraoxon",275.197
"950-35-6","DTXSID5037571","Methylparaoxon",247.143
"40487-42-1","DTXSID7024245","Pendimethalin",281.312
"298-02-2","DTXSID4032459","Phorate",260.36
"2600-69-3","DTXSID4037586","Phorate oxon",244.3
"2588-05-8","DTXSID6042284","Phorate oxon sulfoxide",260.3
"2588-06-9","DTXSID6058346","Phoratoxon sulfone",276.3
"2588-04-7","DTXSID6042282","Phorate sulfone",292.36
"2588-03-6","DTXSID1042283","Phorate sulfoxide",276.36
"51-03-6","DTXSID1021166","Piperonyl butoxide",338.444
"41198-08-7","DTXSID3032464","Profenofos",373.63
"1610-18-0","DTXSID6022341","Prometon",225.296
"7287-19-6","DTXSID4024272","Prometryn",241.36
"709-98-8","DTXSID8022111","N-(3,4-Dichlorophenyl)propanamide",218.08
"2312-35-8","DTXSID4024276","Propargite",350.47
"139-40-2","DTXSID3021196","2,4-Bis(isopropylamino)-6-chloro-1,3,5-triazine",229.71
"114-26-1","DTXSID7021948","Propoxur",209.245
"23950-58-5","DTXSID2020420","Propyzamide",256.13
"94125-34-5","DTXSID9034868","Prosulfuron",419.38
"123312-89-0","DTXSID2032637","Pymetrozine",217.232
"175013-18-0","DTXSID7032638","Pyraclostrobin",387.82
"96489-71-3","DTXSID5032573","Pyridaben",364.93
"95737-68-1","DTXSID1032640","Pyriproxyfen",321.376
"152019-74-4","DTXSID80651579","[(2‐Ethyl‐6‐methylphenyl)carbamoyl]formic acid",207.229
"1982-49-6","DTXSID7032474","Siduron",232.327
"122-34-9","DTXSID4021268","Simazine",201.66
"122836-35-5","DTXSID6032645","Sulfentrazone",387.18
"141776-32-1","DTXSID4034940","Sulfosulfuron",470.48
"65600-62-6","DTXSID40215858","2,3,3-Trichloro-2-propenesulfonic acid",225.46
"107534-96-3","DTXSID9032113","Tebuconazole",307.82
"112410-23-8","DTXSID4034948","Tebufenozide",352.478
"96182-53-5","DTXSID1032482","Tebupirimfos",318.37
"34014-18-1","DTXSID3024316","Tebuthiuron",228.31
"39222-73-6","DTXSID9068168","5-(1,1-Dimethylethyl)-1,3,4-thiadiazol-2-amine",157.24
"5902-51-2","DTXSID8024317","Terbacil",216.67
"13071-79-9","DTXSID2022254","Terbufos",288.42
"56070-14-5","DTXSID0037601","Terbufos oxon",272.36
"56165-57-2","DTXSID00971544","O,O-Diethyl S-[(2-methylpropane-2-sulfinyl)methyl] phosphorothioate",288.36
"56070-16-7","DTXSID1042443","Terbufos sulfone",320.42
"56070-15-6","DTXSID5037604","Terbufos OA sulfone",304.36
"10548-10-4","DTXSID6042444","Terbufos sulfoxide",304.42
"5915-41-3","DTXSID4027608","Terbutylazine",229.71
"112281-77-3","DTXSID8034956","Tetraconazole",372.14
"28249-77-6","DTXSID6024337","Thiobencarb",257.78
"61949-77-7","DTXSID4037611","trans-Permethrin",391.29
"2303-17-5","DTXSID5024344","Tri-allate",304.65
"78-48-8","DTXSID1024174","Tribufos",314.5
"55335-06-3","DTXSID0032497","Triclopyr",256.46
"141517-21-7","DTXSID4032580","Trifloxystrobin",408.377
"61-00-7","DTXSID1022552","Acetylpromazine",326.46
"37115-32-5","DTXSID40190611","Adinazolam",351.84
"138112-76-2","DTXSID3057642","Agomelatine",243.306
"28981-97-7","DTXSID4022577","Alprazolam",308.77
"71675-85-9","DTXSID5042613","Amisulpride",369.48
"50-48-6","DTXSID7022594","Amitriptyline",277.411
"14028-44-5","DTXSID7022598","Amoxapine",313.79
"129722-12-9","DTXSID3046083","Aripiprazole",448.39
"65576-45-6","DTXSID8049048","Asenapine",285.77
"83015-26-3","DTXSID9044297","Atomoxetine",255.361
"115-46-8","DTXSID2045280","Azacyclonol",267.372
"302-40-9","DTXSID0022644","Benactyzine",327.424
"2062-84-2","DTXSID7045364","Benperidol",381.451
"486459-03-4","DTXSID401014169","4-Bromomethcathinone",242.116
"1812-30-2","DTXSID40171081","Bromazepam",316.158
"10457-90-6","DTXSID0022690","Bromperidol",420.322
"34911-55-2","DTXSID7022706","Bupropion",239.74
"36104-80-0","DTXSID50865803","Camazepam",371.82
"58-25-3","DTXSID4046022","Chlordiazepoxide",299.76
"50-53-3","DTXSID0022808","Chlorpromazine",318.86
"113-59-7","DTXSID4022810","Chlorprothixene",315.86
"59729-33-8","DTXSID8022826","Citalopram",324.399
"303-49-1","DTXSID6022844","Clomipramine",314.86
"982-24-1","DTXSID9048223","Clopenthixol",400.97
"2058-52-8","DTXSID5022851","Clothiapine",343.87
"33671-46-4","DTXSID0022852","Clotiazepam",318.82
"5786-21-0","DTXSID5022855","Clozapine",326.83
"93841-82-8","DTXSID70917530","2,3-Dihydroxybutanedioic acid--10-[3-(dimethylamino)-2-methylpropyl]-10H-phenothiazine-2-carbonitrile (1/1)",473.54
"2894-67-9","DTXSID70183137","Delorazepam",305.16
"50-47-5","DTXSID6022896","Desipramine",266.388
"4498-32-2","DTXSID7022916","Dibenzepin",295.386
"2470-73-7","DTXSID10947639","Dixyrazine",427.61
"113-53-1","DTXSID2022961","Dothiepin",295.44
"1668-19-5","DTXSID7022966","Doxepin",279.383
"548-73-2","DTXSID6022973","Droperidol",379.435
"116539-59-4","DTXSID6048385","Duloxetine",297.42
"29975-16-4","DTXSID5020572","Estazolam",294.74
"40054-69-1","DTXSID0023030","Etizolam",342.85
"167933-07-5","DTXSID30168445","Flibanserin",390.41
"1480-19-9","DTXSID4045711","Fluanisone",356.441
"612526-40-6","DTXSID40620266","Flubromazolam",371.213
"54910-89-3","DTXSID7023067","Fluoxetine",309.332
"2709-56-0","DTXSID3058749","Flupenthixol",434.52
"69-23-8","DTXSID2023068","Fluphenazine",437.53
"1841-19-6","DTXSID7045152","Fluspirilene",475.584
"54739-18-3","DTXSID2044002","Fluvoxamine",318.34
"52-86-8","DTXSID4034150","Haloperidol",375.87
"50-49-7","DTXSID1043881","Imipramine",280.415
"5560-72-5","DTXSID80204145","Iprindole",284.447
"27223-35-4","DTXSID20865350","Ketazolam",368.82
"851-68-3","DTXSID50859045","3-(2-Methoxy-10H-phenothiazin-10-yl)-N,N,2-trimethylpropan-1-amine",328.47
"6192-97-8","DTXSID801024267","(-)-Propylhexedrine",155.285
"61197-73-7","DTXSID30894873","Loprazolam",464.91
"846-49-1","DTXSID7023225","Lorazepam",321.16
"848-75-9","DTXSID40862442","Lormetazepam",335.18
"10262-69-8","DTXSID7045029","Maprotiline",277.411
"2898-12-6","DTXSID1048708","Medazepam",270.76
"5118-29-6","DTXSID4048274","Melitracen",291.438
"3575-80-2","DTXSID0023298","Methylperone",263.356
"57-53-4","DTXSID3023261","Meprobamate",218.253
"5588-33-0","DTXSID3023265","Mesoridazine",386.57
"84031-17-4","DTXSID40905121","7-Bromo-5-(o-chlorophenyl)-2,3-dihydro-2-(methoxymethyl)-1-methyl-1H-1,4-benzodiazepine",393.71
"532-03-6","DTXSID6023286","Methocarbamol",241.243
"40054-68-0","DTXSID101032847","Metizolam",328.82
"24219-97-4","DTXSID6023317","Mianserin",264.372
"59467-70-8","DTXSID5023320","Midazolam",325.77
"85650-52-8","DTXSID0023325","Mirtazapine",265.36
"71320-77-9","DTXSID9040554","Moclobemide",268.74
"7416-34-4","DTXSID9023332","Molindone",276.38
"1050-79-9","DTXSID6049062","Moperone",355.453
"83366-66-9","DTXSID2023357","Nefazodone",470.01
"74723-10-7","DTXSID80996250","5-(2-Fluorophenyl)-1,3-dihydro-3-hydroxy-7-nitro-2H-1,4-benzodiazepin-2-one",315.26
"146-22-5","DTXSID5023372","Nitrazepam",281.271
"28910-99-8","DTXSID401045827","Nitrazolam",319.324
"24526-64-5","DTXSID0023377","Nomifensine",238.334
"132539-06-1","DTXSID9023388","Olanzapine",312.44
"315-72-0","DTXSID3023394","Opipramol",363.505
"604-75-1","DTXSID1021087","Oxazepam",286.72
"5585-93-3","DTXSID80863574","2-(4-(3-(1-Aza-10-phenothiazinyl)propyl)-1-piperazinyl)ethanol",370.52
"153-87-7","DTXSID20165185","Oxypertine",379.504
"61869-08-7","DTXSID3023425","(-)-Paroxetine",329.371
"26864-56-2","DTXSID5049021","Penfluridol",523.97
"84-97-9","DTXSID6048628","Perazine",339.5
"2622-26-6","DTXSID5045910","Periciazine",365.5
"58-39-9","DTXSID1023441","Perphenazine",403.97
"51753-57-2","DTXSID00199685","Phenazepam",349.61
"51-71-8","DTXSID2041094","Phenelzine",136.198
"2062-78-4","DTXSID8023474","Pimozide",461.557
"1893-33-0","DTXSID8048369","Pipamperone",375.488
"39860-99-6","DTXSID40192913","Pipotiazine",475.67
"467-60-7","DTXSID2023486","Pipradrol",267.372
"2955-38-6","DTXSID4021181","Prazepam",324.81
"58-38-8","DTXSID7023514","Prochlorperazine",373.94
"58-40-2","DTXSID2023517","Promazine",284.42
"438-60-8","DTXSID0023535","Protriptyline",263.384
"39243-02-2","DTXSID101043303","Pyrazolam",354.211
"3563-49-3","DTXSID20863194","1-(4-Methylphenyl)-2-(pyrrolidin-1-yl)pentan-1-one",245.366
"111974-69-7","DTXSID9023546","Quetiapine",383.51
"98769-81-4","DTXSID1048257","Reboxetine",318.428
"80125-14-0","DTXSID6045668","Remoxipride",371.275
"106266-06-2","DTXSID8045193","Risperidone",410.493
"130049-84-2","DTXSID7049059","Paliperidone",426.492
"106516-24-9","DTXSID6048967","Sertindole",440.95
"79617-96-2","DTXSID6023577","Sertraline",306.23
"15676-16-1","DTXSID1042574","Sulpiride",341.43
"846-50-4","DTXSID8021309","Temazepam",300.74
"10379-14-3","DTXSID00146058","Tetrazepam",288.78
"84-06-0","DTXSID6023654","Thiopropazate",446.01
"316-81-4","DTXSID1023655","Thioproperazine",446.63
"50-52-2","DTXSID6023656","Thioridazine",370.57
"5591-45-7","DTXSID6023658","Thiothixene",443.62
"51012-32-9","DTXSID0023664","Tiapride",328.43
"155-09-9","DTXSID2023694","Tranylcypromine",133.194
"19794-93-5","DTXSID5045043","Trazodone",371.87
"117-89-5","DTXSID1046928","2-Trifluoromethyl-10-[3'-(1-methyl-4-piperazinyl)propyl]phenothiazine",407.5
"749-13-3","DTXSID4023703","Trifluperidol",409.425
"146-54-3","DTXSID9023704","Triflupromazine",352.42
"739-71-9","DTXSID8023715","Trimipramine",294.442
"72-69-5","DTXSID9023384","Nortriptyline",263.384
"93413-69-5","DTXSID6023737","Venlafaxine",277.408
"56775-88-3","DTXSID6048462","Zimeldine",317.23
"146939-27-7","DTXSID4023753","Ziprasidone",412.94
"82626-48-0","DTXSID7045946","Zolpidem",307.397
"26615-21-4","DTXSID9023756","Zotepine",331.86
"53772-83-1","DTXSID3048233","Zuclopenthixol",400.97
"366-77-8","DTXSID30190084","beta-(4-Fluorobenzoyl)propionic acid",196.177
"402-45-9","DTXSID2075392","4-(Trifluoromethyl)phenol",162.111
"4197-72-2","DTXSID40295014","2-hexylbenzene-1,4-diol",194.274
"30896-57-2","DTXSID90932240","4-Hydroxyalprazolam",324.77
"71676-01-2","DTXSID60747025","4-Amino-5-(ethanesulfonyl)-N-[(1-ethyl-1-oxo-1lambda~5~-pyrrolidin-2-yl)methyl]-2-methoxybenzamide",385.48
"7722-15-8","DTXSID10227968","7-Chloro-2-amino-5-phenyl-3H-1,4-benzodiazepine 4-oxide",285.73
"372941-54-3","DTXSID30881081","3-oxo-citalopram",338.382
"64372-56-1","DTXSID10881084","Citalopram amide",342.414
"440121-09-5","DTXSID50881083","Citalopram carboxylic acid",343.398
"63284-72-0","DTXSID50435141","Citalopram N-oxide",340.398
"62498-67-3","DTXSID90881082","Desmethylcitalopram",310.372
"303-48-0","DTXSID70952663","Norclomipramine",300.83
"6104-71-8","DTXSID0042616","N-Desmethylclozapine",312.8
"58534-46-6","DTXSID701177750","(3Z)-3-Dibenz[b,e]oxepin-11(6H)-ylidene-N-methyl-1-propanamine",265.356
"83891-03-6","DTXSID80866540","Norfluoxetine",295.305
"37819-98-0","DTXSID80958853","3-(2-Methoxy-10H-phenothiazin-10-yl)-N,2-dimethylpropan-1-amine",314.45
"6705-02-8","DTXSID90986026","2-[2-Hydroxy-2-(phenylimino)ethoxy]benzene-1-carboximidic acid",270.288
"71936-92-0","DTXSID20891477","Normianserin",250.345
"62510-46-7","DTXSID70891482","Mianserin N-oxide",280.371
"59468-90-5","DTXSID50208175","1-Hydroxymethylmidazolam",341.77
"102335-57-9","DTXSID60467650","8-Hydroxy Mirtazapine",281.359
"61337-68-6","DTXSID601009940","Normirtazapine",251.333
"1105989","DTXSID901105989","1,2,4-Triazolo[4,3-a]pyridin-3(2H)-one, 2-[[2-(4-ethoxyphenyl)-5-methyl-4-oxazolyl]methyl]-8-(1-piperidinylsulfonyl)-",497.57
"70030-11-4","DTXSID10990281","3-Hydroxyphenazepam",365.61
"58-37-7","DTXSID00861592","Aminopromazine",327.49
"3568-24-9","DTXSID3046950","Propionylpromazine",340.49
"139079-39-3","DTXSID10160886","ICI-214227",399.51
"87857-41-8","DTXSID60236666","Desmethylsertraline",292.2
"67381-52-6","DTXSID501151716","5-(Aminosulfonyl)-N-[(1-ethyl-2-pyrrolidinyl)methyl]-2-hydroxybenzamide",327.4
"1123-19-9","DTXSID30864258","3-Acetyl-3-methyloxolan-2-one",142.154
"7776-05-8","DTXSID80998951","10-[2-(1-Methylpiperidin-2-yl)ethyl]-2-(methylsulfanyl)-5lambda~4~-phenothiazin-5(10H)-one",386.57
"2293-21-2","DTXSID70945611","N-desmethyl Trimipramine",280.415
"93413-77-5","DTXSID50891440","1-[2-Amino-1-(4-methoxyphenyl)ethyl]cyclohexanol",249.354
"135308-74-6","DTXSID10891441","N,O-Didesmethylvenlafaxine",249.354
"149289-30-5","DTXSID20881050","N-Desmethylvenlafaxine",263.381
"1094598-37-4","DTXSID90891489","Venlafaxine N-Oxide",293.407
"93413-62-8","DTXSID40869118","O-Desmethylvenlafaxine",263.381
"33665-90-6","DTXSID0048006","Acesulfame",163.15
"80863-62-3","DTXSID3043780","Alitame",331.43
"22839-47-0","DTXSID0020107","Aspartame",294.307
"100-88-9","DTXSID5041809","Cyclamic acid",179.23
"165450-17-9","DTXSID50167950","Neotame",378.469
"81-07-2","DTXSID5021251","Saccharin",183.18
"56038-13-2","DTXSID1040245","Sucralose",397.63
"24333-19-5","DTXSID10179074","2,5-Dimethoxy-4-methylphenethylamine",195.262
"207740-22-5","DTXSID30174849","2C-P",223.316
"2801-68-5","DTXSID2091540","(+/-) -1-(2,5-Dimethoxyphenyl)-2-aminopropane",195.262
"919797-19-6","DTXSID20238808","4-Iodo-2,5-dimethoxy-N-[(2-methoxyphenyl)methyl]benzeneethanamine",427.282
"66142-22-1","DTXSID3070410","Benzoselenazolium, 3-ethyl-2-methyl-, ethyl sulfate",350.3
"88441-14-9","DTXSID80893699","1-(4-Chloro-2,5-dimethoxyphenyl)-2-aminoethane",215.68
"1227608-02-7","DTXSID10676790","2-(4-Chloro-2,5-dimethoxyphenyl)-N-[(2-methoxyphenyl)methyl]ethan-1-amine",335.83
"71539-34-9","DTXSID40221772","2,5-Dimethoxy-4-ethylphenethylamine",209.289
"3600-86-0","DTXSID80189564","2,5-Dimethoxyphenethylamine",181.235
"1481-94-3","DTXSID90296213","2-Ethyl-4-chromanol",178.231
"207740-24-7","DTXSID40174850","2,5-Dimethoxy-4-(ethylthio)phenethylamine",241.35
"207740-25-8","DTXSID60893915","2,5-Dimethoxy-4-isopropylthiophenethylamine",255.38
"207740-26-9","DTXSID90861566","2,5-Dimethoxy-4-(n)-propylthiophenethylamine",255.38
"936015-60-0","DTXSID30239482","4-Acetoxy-DiPT",302.418
"286834-80-8","DTXSID301347696","1-(Benzofuran-5-yl)propan-2-amine hydrochloride",211.69
"3784-30-3","DTXSID30873562","1-(1H-Indol-5-yl)propan-2-amine",174.247
"1445581-91-8","DTXSID901043090","N-(1-Naphthyl)-1-(5-fluoropentyl)-1H-indazole-3-carboxamide",375.447
"21969-11-9","DTXSID80176378","4-Chloro-4'-nitrodiphenyl sulfide",265.71
"895155-26-7","DTXSID801010107","[1-[2-(4-Morpholinyl)ethyl]-1H-indol-3-yl](2,2,3,3-tetramethylcyclopropyl)methanone",354.494
"895155-57-4","DTXSID60468349","{1-[(Oxan-4-yl)methyl]-1H-indol-3-yl}(2,2,3,3-tetramethylcyclopropyl)methanone",339.479
"895155-25-6","DTXSID001017492","{1-[(1-methylpiperidin-2-yl)methyl]-1H-indol-3-yl}(2,2,3,3-tetramethylcyclopropyl)methanone",352.522
"1185887-21-1","DTXSID101009983","N-[(1S)-1-(Aminocarbonyl)-2-methylpropyl]-1-(cyclohexylmethyl)-1H-indazole-3-carboxamide",356.47
"1185282-01-2","DTXSID70728845","N-[(2S)-1-Amino-3-methyl-1-oxobutan-2-yl]-1-[(4-fluorophenyl)methyl]-1H-indazole-3-carboxamide",368.412
"1801338-26-0","DTXSID401016915","5-fluoro ABICA",347.434
"1445752-09-9","DTXSID00904034","N-[(1S)-1-(Aminocarbonyl)-2-methylpropyl]-1-pentyl-1H-indazole-3-carboxamide",330.432
"1801552-02-2","DTXSID001016737","N-((1S)-1-(Aminocarbonyl)-2-methylpropyl)-1-(5-chloropentyl)-1H-indazole-3-carboxamide",364.87
"1800101-60-3","DTXSID401009970","5-Fluoro-AB-PINACA",348.422
"1838134-16-9","DTXSID701347698","(R)-5-Fluoro-ABD",377.46
"1863065-92-2","DTXSID301016900","N-[1-(Aminocarbonyl)-2,2-dimethylpropyl]-1-(cyclohexylmethyl)-1H-indazole-3-carboxamide",370.497
"1445583-51-6","DTXSID701009981","ADB-FUBINACA",382.439
"1445583-48-1","DTXSID801009996","N-[1-(Aminocarbonyl)-2,2-dimethylpropyl]-1-pentyl-1H-indole-3-carboxamide",343.471
"1863065-82-0","DTXSID401130575","N-[1-(Aminocarbonyl)-2,2-dimethylpropyl]-1-(5-fluoropentyl)-1H-indole-3-carboxamide",361.461
"1633766-73-0","DTXSID301010007","N-[1-(Aminocarbonyl)-2,2-dimethylpropyl]-1-pentyl-1H-indazole-3-carboxamide",344.459
"1863065-90-0","DTXSID301016736","N-[1-(Aminocarbonyl)-2,2-dimethylpropyl]-1-(5-fluoropentyl)-1H-indazole-3-carboxamide",362.449
"1345973-53-6","DTXSID90928683","APINACA",365.521
"123020-20-2","DTXSID90559759","5-Bromo-7-iodo-1H-indole",321.943
"137642-54-7","DTXSID50433001","{1-[(1-Methylpiperidin-2-yl)methyl]-1H-indol-3-yl}(naphthalen-1-yl)methanone",382.507
"1348081-04-8","DTXSID701043056","[1-(1-Methyl-3-azepanyl)-1H-indol-3-yl](1-naphthyl)methanone",382.507
"335160-66-2","DTXSID101017326","1-((N-Methylpiperidin-2-yl)methyl)-3-(adamant-1-oyl)indole",390.571
"335161-24-5","DTXSID50187158","AM-2201",359.444
"335161-19-8","DTXSID90187157","AM-2232",352.437
"444912-75-8","DTXSID401014171","AM-2233",458.343
"335161-03-0","DTXSID30187156","[1-(5-Fluoropentyl)-1H-indol-3-yl](2-iodophenyl)methanone",435.281
"1801552-03-3","DTXSID501009985","5-Fluoro-AMB",363.433
"90-84-6","DTXSID6022929","Diethylpropion",205.301
"300-62-9","DTXSID4022600","Amphetamine",135.21
"1716-60-5","DTXSID30938009","1-(2-Fluorophenyl)propan-2-amine",153.2
"1626-71-7","DTXSID40936718","3-Fluoroamphetamine",153.2
"459-02-9","DTXSID90894758","4-Fluoroamphetamine",153.2
"1017176-48-5","DTXSID90640530","[1-(2-Fluorophenyl)propan-2-yl](methyl)amine",167.227
"5580-32-5","DTXSID30863569","2-Methylamphetamine",149.237
"1182818-14-9","DTXSID20728951","1-(3-Fluorophenyl)-N-methylpropan-2-amine",167.227
"588-06-7","DTXSID201017179","1-(3-methylphenyl)propan-2-amine",149.237
"351-03-1","DTXSID101043365","4-Fluoromethamphetamine",167.227
"22331-70-0","DTXSID30874251","4-Methoxy-N-methylamphetamine",179.263
"537-46-2","DTXSID8037128","Methamphetamine",149.237
"457-87-4","DTXSID10860359","N-Ethyl-1-phenylpropan-2-amine",163.264
"51799-32-7","DTXSID30966120","Propylamphetamine",177.291
"103-86-6","DTXSID3023134","(+/-)-4-Hydroxyamphetamine",151.209
"299-26-3","DTXSID00861850","1-(1H-Indol-3-yl)propan-2-amine",174.247
"286834-85-3","DTXSID401010105","6-(2-Aminopropyl)benzofuran",175.231
"1345973-50-3","DTXSID80745427","Apica",364.533
"1000340-62-4","DTXSID20646904","6-Methyl-1H-pyrrolo[2,3-b]pyridine-4-carbonitrile",157.176
"107447-03-0","DTXSID30910325","1-(3,4-Methylenedioxyphenyl)-2-butanamine",193.246
"2759-17-3","DTXSID601015763","1,3-Di(2,3-dihydro-1H-indol-7-yl)thiourea",310.42
"502759-67-3","DTXSID80893912","Bromodragonfly",294.148
"487-93-4","DTXSID0048894","Bufotenine",204.273
"298-45-3","DTXSID20183940","Bulbocapnine",325.364
"408332-79-6","DTXSID701014170","Buphedrone",177.247
"1336911-98-8","DTXSID60858024","2-(Methylamino)-1-(4-methylphenyl)butan-1-one--hydrogen chloride (1/1)",227.73
"17762-90-2","DTXSID101355976","1-(Benzo[d][1,3]dioxol-5-yl)-2-(methylamino)butan-1-one hydrochloride",257.71
"74219-29-7","DTXSID10653182","(+)-Cannabidiol",314.469
"521-35-7","DTXSID3048996","Cannabinol",310.437
"492-39-7","DTXSID50889347","Cathine",151.209
"71031-15-7","DTXSID0050427","(S)-(-)-Cathinone",149.193
"15351-09-4","DTXSID7057650","Metamfepramone",177.247
"51553-17-4","DTXSID10332526","2-(Ethylamino)propiophenone hydrochloride",213.71
"33342-65-3","DTXSID50451149","2-Chloro-5-methylthiazole",133.59
"6640-24-0","DTXSID9045138","1-(3-Chlorophenyl)piperazine",196.68
"1225843-86-6","DTXSID201014163","Clephedrone",197.66
"13364-32-4","DTXSID7048409","Clobenzorex",259.78
"33887-02-4","DTXSID301014166","Clonazolam",353.77
"50-36-2","DTXSID2038443","Cocaine",303.358
"76-57-3","DTXSID2020341","Codeine",299.37
"70434-82-1","DTXSID401009968","rel-5-(1,1-Dimethylheptyl)-2-[(1R,3S)-3-hydroxycyclohexyl]phenol",318.501
"70434-92-3","DTXSID101016885","Cannabicyclohexanol",332.528
"83003-12-7","DTXSID401017713","(+/-)-CP 55,940",376.581
"1400742-15-5","DTXSID001019036","Cumyl-PINACA",349.478
"40054-73-7","DTXSID901032639","Deschloroetizolam",308.4
"427-00-9","DTXSID10195390","Desomorphine",271.36
"519-74-4","DTXSID90897502","2-(Diphenylmethyl)piperidine",251.373
"61-51-8","DTXSID9052763","N,N-Diethyltryptamine",216.328
"802286-83-5","DTXSID201016921","Dibutylone",235.283
"2894-68-0","DTXSID30183138","2-Chlorodiazepam",319.19
"94-15-5","DTXSID40240185","Dimethocaine",278.396
"14780-24-6","DTXSID80163804","N,N-Diisopropyltryptamine",244.382
"132328-45-1","DTXSID50618836","3-{2-[Di(propan-2-yl)amino]ethyl}-1H-indol-4-ol",260.381
"120-26-3","DTXSID50902787","3,4-Dimethoxyamphetamine",195.262
"1081772-06-6","DTXSID701342931","3,4-Dimethylmethcathinone hydrochloride",227.73
"120-20-7","DTXSID8059506","Benzeneethanamine, 3,4-dimethoxy-",181.235
"61-50-7","DTXSID60110053","N,N-Dimethyltryptamine",188.274
"64638-07-9","DTXSID5050428","Brolamfetamine",274.158
"123431-31-2","DTXSID60894189","2,5-Dimethoxy-4-chloroamphetamine",229.7
"22004-32-6","DTXSID00860585","2,5-Dimethoxy-4-ethylamphetamine",223.316
"15588-95-1","DTXSID50860611","dl-2,5-Dimethoxy-4-methylamphetamine",209.289
"61-52-9","DTXSID30209847","N,N-Dipropyltryptamine",244.382
"1364933-60-7","DTXSID50745434","EAM 2201",387.498
"2219320-91-7","DTXSID001337258","1-Naphthalenyl(9-pentyl-9H-carbazol-3-yl)methanone",391.514
"299-42-3","DTXSID0022985","(1R,2S)-(-)-Ephedrine",165.236
"53214-57-6","DTXSID70858959","2-(Methylamino)-1-phenyl-1-propanol",165.236
"113-42-8","DTXSID00904978","Methylergonovine",339.439
"113-15-5","DTXSID9043774","Ergotamine",581.673
"2235-90-7","DTXSID1046764","alpha-Ethyltryptamine",188.274
"1112937-64-0","DTXSID20894842","2-Ethylamino-1-(3,4-methylenedioxyphenyl)propan-1-one",221.256
"7550-06-3","DTXSID80996957","Ethyl phenyl(piperidin-1-yl)acetate",247.338
"1883284-94-3","DTXSID901016910","naphthalen-1-yl 1-[(4-fluorophenyl)methyl]-1H-indole-3-carboxylate",395.433
"1892-80-4|3736-08-1",NA,NA,NA
"2185863-15-2","DTXSID201016907","FUB-144",349.449
"1715016-76-4","DTXSID101009971","MMB-FUBINACA",383.423
"1984789-90-3","DTXSID601016923","FUBIMINA",360.432
"1800098-36-5","DTXSID601016909","8-Quinolinyl 1-[(4-fluorophenyl)methyl]-1H-indole-3-carboxylate",396.421
"1320-61-2","DTXSID10157296","4-Hydroxybutanoate",103.098
"304-21-2","DTXSID8041038","Harmaline",214.268
"442-51-3","DTXSID30196066","Harmine",212.252
"561-27-3","DTXSID6046761","3,6-Diacetylmorphine",369.417
"1445751-38-1","DTXSID901045446","4-Hydroxy-3,3,4-trimethyl-1-(1-pentyl-1H-indol-3-yl)-1-pentanone",329.484
"112830-95-2","DTXSID30150188","HU 210",386.576
"466-99-9","DTXSID8023133","Hydromorphone",285.343
"155471-10-6","DTXSID20165903","JWH 007",355.481
"155471-08-2","DTXSID60165902","JWH 015",327.427
"209414-07-3","DTXSID10175117","1-Pentyl-3-(1-naphthoyl)indole",341.454
"155471-13-9","DTXSID601016347","JWH-011",383.535
"1345973-49-0","DTXSID90158822","AB-001",349.518
"209414-08-4","DTXSID70175118","JWH 019",355.481
"209414-09-5","DTXSID801016343","JWH-020",369.508
"209414-16-4","DTXSID501016344","JWH-022",339.438
"208987-48-8","DTXSID20175042","1-Butyl-3-(1-naphthoyl) indole",327.427
"210179-46-7","DTXSID80175225","JWH 081",371.48
"619294-47-2","DTXSID00210965","JWH 122",355.481
"914458-20-1","DTXSID00658823","JWH 147",381.519
"824959-87-7","DTXSID80669851","(1-Propyl-1H-indol-3-yl)(4-propylnaphthalen-1-yl)methanone",355.481
"103610-04-4","DTXSID60145946","1-(2-(4-Morpholinyl)ethyl)-3-(1-naphthoyl) indole",384.479
"864445-47-6","DTXSID90658736","JWH 201",335.447
"864445-54-5","DTXSID00235557","JWH 203",339.86
"824959-81-1","DTXSID301010019","JWH 210",369.508
"864445-43-2","DTXSID40235556","JWH 250",335.447
"864445-39-6","DTXSID80235555","JWH 251",319.448
"864445-45-4","DTXSID60467554","JWH 302",335.447
"914458-26-7","DTXSID60581542","[5-(2-Fluorophenyl)-1-pentyl-1H-pyrrol-3-yl](naphthalen-1-yl)methanone",385.482
"914458-31-4","DTXSID60658824","[5-(3-Fluorophenyl)-1-pentyl-1H-pyrrol-3-yl](naphthalen-1-yl)methanone",385.482
"914458-22-3","DTXSID701016340","JWH-370",381.519
"1366067-59-5","DTXSID401010000","JWH-387",420.35
"1292765-18-4","DTXSID40156131","JWH 398",375.9
"1364933-59-4","DTXSID101010001","(4-Fluoronaphthalen-1-yl)(1-pentyl-1H-indol-3-yl)methanone",359.444
"1391485-39-4","DTXSID401344683","(4-Fluoro-1-naphthalenyl)[1-(5-fluoropentyl)-1H-indol-3-yl]methanone",377.435
"50-37-3","DTXSID1023231","Lysergide",323.44
"103818-46-8","DTXSID70894039","N-Methyl-1-(3,4-methylenedioxyphenyl)-2-butanamine",207.273
"62226-74-8","DTXSID90354100","1-Methyl-4-(phenylmethyl)piperazine",190.29
"4764-17-4","DTXSID40859958","(+/-)-3,4-(Methylenedioxy)amphetamine",179.219
"132741-81-2","DTXSID60157741","5,6-Methylenedioxy-2-aminoindan",177.203
"101625-35-8","DTXSID501017047","Methylenedioxyaminotetralin",191.23
"74698-50-3","DTXSID701024545","N,N-Dimethyl-3,4-methylenedioxyamphetamine",207.273
"765231-58-1","DTXSID801016917","Dimethylone",221.256
"82801-81-8","DTXSID70860971","3,4-Methylenedioxyethamphetamine",207.273
"42542-10-9","DTXSID90860791","(+/-)-N-Methyl-3,4-(methylenedioxy)amphetamine",193.246
"1185888-32-7","DTXSID001010034","Mdmb-chminaca",385.508
"1971007-93-8","DTXSID301355877","MDMB-FUBINACA",397.45
"784985-33-7","DTXSID101024630","3,4-Methylenedioxy-alpha-pyrrolidinobutyrophenone",261.321
"24698-57-5","DTXSID601350121","1-(1,3-Benzodioxol-5-yl)-2-(1-pyrrolidinyl)-1-propanone hydrochloride",283.75
"687603-66-3","DTXSID90897461","3,4-Methylenedioxy Pyrovalerone",275.348
"1225617-18-4","DTXSID001016901","4-Methylethcathinone",191.274
"58662-84-3","DTXSID10207366","Meclonazepam",329.74
"17243-57-1","DTXSID6057665","Mefenorex",211.73
"3413-64-7","DTXSID2045862","Mefexamide hydrochloride",316.83
"1137-04-8","DTXSID60893758","5-Methoxy-alpha-methyltryptamine",204.273
"928822-98-4","DTXSID30239169","N,N-Diallyl-5-methoxytryptamine",270.376
"4021-34-5","DTXSID00193209","5-Methoxy-N,N-diisopropyltryptamine",274.408
"1019-45-0","DTXSID70144324","O-Methylbufotenine",218.3
"3471-31-6","DTXSID70188268","5-Methoxyindoleacetic acid",205.213
"67292-68-6","DTXSID10217627","5-Methoxy-N,N,2-trimethyl-1H-indole-3-ethanamine",232.327
"1189805-46-6","DTXSID20891437","Mephedrone",177.247
"1313393-58-6","DTXSID701355912","4'-Methyl-alpha-pyrrolidinopropiophenone hydrochloride",253.77
"54-04-6","DTXSID80202303","Mescaline",211.261
"76-99-3","DTXSID7023273","(+/-)-Methadone",309.453
"5650-44-2","DTXSID30863589","(+/-)-Methcathinone",163.22
"1049677-77-1","DTXSID201017048","3-Fluoromethcathinone",181.21
"7589-35-7","DTXSID10705392","1-(4-Fluorophenyl)-2-(methylamino)propan-1-one hydrochloride",217.67
"530-54-1","DTXSID20862127","Methedrone",193.246
"801156-47-8","DTXSID701016914","Methiopropamine",155.26
"1239943-76-0","DTXSID301009327","Methoxetamine",247.338
"186028-79-5","DTXSID80870167","Methylone",207.229
"113-45-1","DTXSID5023299","Methylphenidate",233.311
"1616253-26-9","DTXSID001016913","N-[[1-(5-Fluoropentyl)-1H-indol-3-yl]carbonyl]valine methyl ester",362.445
"1971007-95-0","DTXSID701009993","MDMB-CHMICA",384.52
"1391484-80-2","DTXSID301010033","N-1-Naphthalenyl-1-pentyl-1H-indazole-3-carboxamide",357.457
"501926-82-5","DTXSID901023636","(N-((S)-Fenchyl)-1-(2-(morpholin-4-yl)ethyl)-7-methoxyindole-3-carboxamide",439.6
"57-27-2","DTXSID9023336","Morphine",285.343
"14116-06-4","DTXSID90894854","alpha-Methyl-p-(methylthio)phenethylamine",181.3
"850352-53-3","DTXSID301014192","Naphyrone",281.399
"1373876-11-9","DTXSID401046437","[1-(Cyclohexylmethyl)-1H-indol-3-yl](1-naphthyl)methanone",367.492
"59-26-7","DTXSID9046524","N,N-Diethylnicotinamide",178.235
"2042201-16-9","DTXSID201009986","1-Naphthalenyl 1-(5-fluoropentyl)-1H-indole-3-carboxylate",375.443
"1338925-11-3","DTXSID50716467","N-(Naphthalen-1-yl)-1-pentyl-1H-indole-3-carboxamide",356.469
"1445580-60-8","DTXSID901032710","1-(5-Fluoropentyl)-N-1-naphthalenyl-1H-indole-3-carboxamide",374.459
"1445579-61-2","DTXSID601043089","8-Quinolinyl 1-pentyl-1H-indazole-3-carboxylate",359.429
"1445579-79-2","DTXSID501016920","Quinolin-8-yl 1-(5-fluoropentyl)-1H-indazole-3-carboxylate",377.419
"104-14-3","DTXSID7043873","Octopamine",153.181
"868273-06-7","DTXSID00660764","5-Chloro-3-ethyl-N-[2-[4-(1-piperidinyl)phenyl]ethyl]-1H-indole-2-carboxamide",409.96
"76-42-6","DTXSID5023407","Oxycodone",315.369
"76-41-5","DTXSID5023409","(-)-Oxymorphone",301.342
"4697-66-9",NA,NA,NA
"1400742-17-7","DTXSID70856177","Quinolin-8-yl 1-pentyl-1H-indole-3-carboxylate",358.441
"1400742-41-7","DTXSID60857138","Quinolin-8-yl 2-fluoro-1-pentyl-1H-indole-3-carboxylate",376.431
"2219332-48-4","DTXSID901032641","5-Fluoro-PCN",375.447
"2152-34-3","DTXSID3023427","Pemoline",176.175
"359-83-1","DTXSID7023433","2,6-Methano-3-benzazocin-8-ol, 1,2,3,4,5,6-hexahydro-6,11-dimethyl-3-(3-methyl-2-buten-1-yl)-, (2R,6R)-",285.431
"879669-95-1","DTXSID901355918","Pentedrone hydrochloride",227.73
"698963-77-8","DTXSID401014183","Pentylone",235.283
"77-10-1","DTXSID6023446","Phencyclidine",243.394
"634-03-7","DTXSID1023447","Phendimetrazine",191.274
"134-49-6","DTXSID5023455","Phenmetrazine",177.247
"370-14-9","DTXSID70861908","4-[2-(Methylamino)propyl]phenol",165.236
"15532-75-9","DTXSID10165876","1-[3-(Trifluoromethyl)phenyl]-piperazine",230.234
"303-26-4","DTXSID00891490","Norchlorcyclizine",286.8
"32231-06-4","DTXSID70185994","1-Piperonylpiperazine",220.272
"39512-50-0","DTXSID2057734","1-(2-Chlorophenyl)piperazine",196.68
"64-13-1","DTXSID7040578","4-Methoxyamphetamine",165.236
"19134-50-0","DTXSID50897462","1-Phenyl-2-(1-pyrrolidinyl)-1-propanone",203.285
"493-92-5","DTXSID70862031","1-(1-Phenyl-2-pentanyl)pyrrolidine",217.356
"520-53-6","DTXSID5048899","Psilocin",204.273
"14530-33-7","DTXSID70456954","alpha-Pyrrolidinopentiophenone",231.339
"2221100-71-4","DTXSID101016916","N-[(1S)-2-Amino-2-oxo-1-(phenylmethyl)ethyl]-1-(5-fluoropentyl)-1H-indole-3-carboxamide",395.478
"80226-62-6","DTXSID10880097","N-Sulfocarbamoylgonyautoxin 3",475.4
"1345966-78-0","DTXSID70158820","RCS 4",321.42
"1345966-76-8","DTXSID801342665","(2-Methoxyphenyl)(1-pentyl-1H-indol-3-yl)methanone",321.42
"1345970-42-4","DTXSID30158821","RCS 8",375.512
"695213-59-3","DTXSID501009997","1-Pentyl-N-(phenylmethyl)-1H-indole-3-carboxamide",320.436
"1430634-87-9","DTXSID601010032","SDB-005",358.441
"776086-02-2",NA,NA,NA
"1354631-26-7","DTXSID40725427","STS 135",382.523
"1972-08-3","DTXSID6021327","(-)-trans-Tetrahydrocannabinol",314.469
"36557-05-8","DTXSID50190061","11-Hydroxytetrahydrocannabinol",330.468
"466-90-0","DTXSID90891944","Thebacon",341.407
"1364933-55-0","DTXSID901010031","THJ 018",342.442
"1801552-01-1","DTXSID901010029","THJ 2201",360.432
"1082-23-1","DTXSID60874365","2,3,4-Trimethoxyamphetamine",225.288
"1199943-44-6","DTXSID60152635","(1-Pentyl-1H-indol-3-yl)(2,2,3,3-tetramethylcyclopropyl)methanone",311.469
"92623-83-1","DTXSID2046127","Pravadoline",378.472
"131543-22-1","DTXSID40894849","(R)-(+)-Win 55212-2",426.516
"1364933-54-9","DTXSID00159825","[1-(5-Fluoropentyl)-1H-indol-3-yl](2,2,3,3-tetramethylcyclopropyl)methanone",329.459
"895155-78-9","DTXSID201024738","(2,2,3,3-tetramethylcyclopropyl)[1-(4,4,4-trifluorobutyl)-1H-indol-3-yl]methanone",351.413
"111295-09-1","DTXSID00436244","2-Oxo-3-hydroxy-LSD",355.438
"519-09-5","DTXSID7046758","Benzoylecgonine",289.331
"529-38-4","DTXSID20873213","Cocaethylene",317.385
"61585-22-6","DTXSID50977172","Methyl 3-(benzoyloxy)-8-azabicyclo[3.2.1]octane-2-carboxylate--hydrogen chloride (1/1)",325.79
"125-28-0","DTXSID5022936","Dihydrocodeine",301.386
"467-15-2","DTXSID8046327","Norcodeine",285.343
"30223-73-5","DTXSID10880951","2-Ethylidene-1,5-dimethyl-3,3-diphenylpyrrolidine",277.411
"136765-34-9","DTXSID10894098","(N-methyl-D3)-Ecgonine methyl ester",202.268
"37577-28-9","DTXSID301313960","(+)-Phenylpropanolamine",151.209
"17479-19-5","DTXSID3046322","Dihydroergocristine",611.743
"62559-65-3","DTXSID30480038","2H-1-Benzopyran, 4-[[(4-chlorophenyl)sulfonyl]methyl]-",320.79
"15398-87-5","DTXSID90934885","4-[2-(Methylamino)propyl]benzene-1,2-diol",181.235
"117652-28-5","DTXSID70922503","2-Methoxy-4-[2-(methylamino)propyl]phenol",195.262
"1427325-49-2","DTXSID901016891","(6-methoxy-1-pentyl-1H-indol-3-yl)(naphthalen-1-yl)methanone",371.48
"1427325-32-3","DTXSID301017815","JWH-018 2-hydroxyindole metabolite",357.453
"1307803-42-4","DTXSID801016931","(4-Hydroxy-1-pentyl-1H-indol-3-yl)(naphthalen-1-yl)methanone",357.453
"1307803-43-5","DTXSID501016932","JWH 018 5-Hydroxyindole metabolite",357.453
"1307803-44-6","DTXSID901017770","JWH-018 6-Hydroxyindole metabolite",357.453
"1307803-45-7","DTXSID601017771","JWH-018 7-Hydroxyindole metabolite",357.453
"1320363-47-0","DTXSID301016893","JWH-018 N-(4-hydroxypentyl)",357.453
"335161-21-2","DTXSID401016539","JWH-018 N-(5-Hydroxypentyl)",357.453
"1254475-87-0","DTXSID001016375","JWH-018 N-Pentanoic acid metabolite",371.436
"1427325-61-8","DTXSID201016557","(1-Butyl-1H-indol-3-yl)(2-methylnaphthalen-1-yl)methanone",341.454
"1354631-21-2","DTXSID601017183","(1-Butyl-1H-indol-3-yl)(4-methyl-1-naphthalenyl)methanone",341.454
"1427325-54-9","DTXSID901017732","JWH-073 2-hydroxyindole metabolite",343.426
"1320363-48-1","DTXSID801016929","JWH-073 N-(3-Hydroxybutyl)",343.426
"335161-14-3","DTXSID201016345","JWH-073 N-(4-Hydroxybutyl)",343.426
"1307803-46-8","DTXSID201017731","JWH-073 4-Hydroxyindole metabolite",343.426
"1307803-47-9","DTXSID501017730","JWH-073 5-Hydroxyindole metabolite",343.426
"1307803-48-0","DTXSID201017729","JWH 073 6-Hydroxyindole metabolite",343.426
"1307803-49-1","DTXSID501017728","JWH 073 7-hydroxyindole metabolite",343.426
"1307803-52-6","DTXSID401016341","JWH-073 Butanoic Acid",357.409
"1354631-24-5","DTXSID20159387","MAM-2201",373.471
"1379604-68-8","DTXSID001017816","JWH-122 N-(5-hydroxypentyl) metabolite",371.48
"1427325-73-2","DTXSID501017859","JWH 200 4-hydroxyindole metabolite",400.478
"2126-78-5","DTXSID30858950","N,N-Diethylisolysergamide",323.44
"35779-43-2","DTXSID80189307","N-Demethyllysergic acid diethylamide",309.413
"1863066-03-8","DTXSID001017185","N-[[1-(Cyclohexylmethyl)-1H-indazol-3-yl]carbonyl]valine methyl ester",371.481
"2784-73-8","DTXSID60182154","6-O-Monoacetylmorphine",327.38
"467-85-6","DTXSID6057748","Normethadone",295.426
"20290-09-9","DTXSID80174157","Morphine-3-beta-glucuronide",461.467
"50444-03-6","DTXSID30964686","3-Methoxy-7,8-didehydro-4,5-epoxymorphinan-6-yl hexopyranosiduronic acid",461.467
"509-60-4","DTXSID7048908","Dihydromorphine",287.359
"76-58-4","DTXSID1046760","Ethylmorphine",313.397
"466-97-7","DTXSID1049019","Normorphine",271.316
"57664-96-7","DTXSID60973261","Noroxycodone",301.342
"1427521-39-8","DTXSID501018152","5-[3-(4-Methoxybenzoyl)-1H-indol-1-yl]pentanoic acid",351.402
"1379604-66-6","DTXSID601043065","[1-(5-Hydroxypentyl)-1H-indol-3-yl](4-methoxyphenyl)methanone",337.419
"19395-41-6","DTXSID20864888","Ritalinic acid",219.284
"56354-06-4","DTXSID20204907","11-Nor-9-carboxy-delta-9-tetrahydrocannabinol",344.451
"83329-89-9","DTXSID00892447","Potassium 11-chloroeicosafluoro-3-oxaundecane-1-sulfonate",670.68
"39108-34-4","DTXSID00192353","8:2 Fluorotelomer sulfonic acid",528.18
"57678-03-2","DTXSID60874027","2-(Perfluorooctyl)ethyl dihydrogen phosphate",544.101
"757124-72-4","DTXSID30891564","4:2 Fluorotelomer sulfonic acid",328.15
"27619-97-2","DTXSID6067331","6:2 Fluorotelomer sulfonic acid",428.16
"57678-01-0","DTXSID90558000","6:2 Fluorotelomer phosphate monoester",444.085
"24015-83-6","DTXSID10517598","7:2 sFluorotelomer alcohol",414.114
"4225-26-7","DTXSID90891505","2-(4-Morpholinyl)benzothiazole",220.29
"15214-89-8","DTXSID5027770","2-Acrylamido-2-methyl-1-propanesulfonic acid",207.24
"941-57-1","DTXSID80240528","Benzothiazole-2-sulfonic acid",215.24
"70887-84-2","DTXSID60825615","2H-Perfluoro-2-decenoic acid",458.098
"70887-94-4","DTXSID70895723","2H-Perfluoro-2-dodecenoate",558.114
"70887-88-6","DTXSID00892326","3-(Perfluoropentyl)-3-fluoro-2-propenoic acid",358.083
"102-77-2","DTXSID0021096","N-Oxydiethylene-2-benzothiazylsulfenamide",252.35
"26530-20-1","DTXSID1025805","2-n-Octyl-4-isothiazolin-3-one",213.34
"934-34-9","DTXSID6061315","Benzothiazolone",151.18
"2043-47-2","DTXSID1062122","Fluorotelomer alcohol 4:2",264.091
"53826-13-4","DTXSID40892325","2-(Perfluorodecyl)ethanoic acid",578.12
"865-86-1","DTXSID2029905","Fluorotelomer alcohol 10:2",564.137
"53826-12-3","DTXSID50472556","2-(Perfluorohexyl)ethanoic acid",378.089
"647-42-7","DTXSID5044572","Fluorotelomer alcohol 6:2",364.106
"27854-31-5","DTXSID50451109","2-(Perfluorooctyl)ethanoic acid",478.105
"678-39-7","DTXSID7029904","Fluorotelomer alcohol 8:2",464.122
"87977-28-4","DTXSID50432872","3-Iodoprop-1-ynyl N-butylcarbamate",281.093
"812-70-4","DTXSID90382620","3-(Perfluoroheptyl)propanoic acid",442.124
"914637-49-3","DTXSID20874028","2H,2H,3H,3H-Perfluorooctanoic acid",342.108
"356-02-5","DTXSID00379268","3:3 Fluorotelomer carboxylic acid",242.093
"122-80-5","DTXSID7024455","4-Aminoacetanilide",150.181
"2835-68-9","DTXSID7038814","4-Aminobenzamide",136.154
"119-79-9","DTXSID6059497","2-Naphthalenesulfonic acid, 5-amino-",223.25
"94-97-3","DTXSID0047450","5-Chlorobenzotriazole",153.57
"73606-19-6","DTXSID60881236","Potassium 9-chlorohexadecafluoro-3-oxanonane-1-sulfonate",570.67
"98-67-9","DTXSID1046421","4-Hydroxyphenylsulfonic acid",174.17
"98-11-3","DTXSID9024568","Benzenesulfonic acid",158.17
"95-16-9","DTXSID7024586","Benzothiazole",135.18
"136-95-8","DTXSID1024467","2-Aminobenzothiazole",150.2
"19952-47-7","DTXSID0024470","4-Chlorobenzothiazol-2-ylamine",184.64
"95-24-9","DTXSID4059120","2-Benzothiazolamine, 6-chloro-",184.64
"615-22-5","DTXSID70274236","2-(Methylthio)benzothiazole",181.27
"149-30-4","DTXSID1020807","2-Mercaptobenzothiazole",167.24
"95-14-7","DTXSID6020147","1H-Benzotriazole",119.127
"29385-43-1","DTXSID0026171","Tolyltriazole",NA
"40150-21-8","DTXSID101340244","1-Hydroxybenzotriazole sodium salt",158.116
"26725-51-9","DTXSID90374722","4-Hydroxy-1H-benzotriazole",135.126
"136-85-6","DTXSID1038743","5-Methyl-1H-benzotriazole",133.154
"29878-31-7","DTXSID50274037","4-Methyl-1,2,3-benzotriazole",133.154
"4184-79-6","DTXSID70881186","5,6-Dimethyl-1H-benzotriazole",147.181
"60932-58-3","DTXSID701059493","Carboxybenzotriazole",NA
"21548-49-2","DTXSID80944155","4-Methyl-1,3-dithiolan-2-one",134.21
"678-41-1","DTXSID90218051","Bis(2-(perfluorooctyl)ethyl) hydrogen phosphate",990.207
"57677-95-9","DTXSID50561590","Bis(3,3,4,4,5,5,6,6,7,7,8,8,8-tridecafluorooctyl) hydrogen phosphate",790.176
"40143-79-1","DTXSID80543001","Bis(heptadecafluorooctyl)phosphinic acid",902.101
"40143-77-9","DTXSID00786953","Bis(tridecafluorohexyl)phosphinic acid",702.07
"80-05-7","DTXSID7020182","Bisphenol A",228.291
"76002-91-0","DTXSID90997359","2-[4-(2,3-Dihydroxypropoxy)phenyl]-2-[4-(2,3-epoxypropoxy)phenyl]propane",358.434
"13836-48-1","DTXSID30400216","BADGE-HCl",376.88
"4809-35-2","DTXSID10963995","1,1'-{Propane-2,2-diylbis[(4,1-phenylene)oxy]}bis(3-chloropropan-2-ol)",413.34
"1675-54-3","DTXSID6024624","Bisphenol A diglycidyl ether",340.419
"79-94-7","DTXSID1026081","3,3',5,5'-Tetrabromobisphenol A",543.875
"80-09-1","DTXSID3022409","4,4'-Sulfonyldiphenol",250.27
"70807-24-8",NA,NA,NA
"1770-80-5","DTXSID1051802","Dibutyl chlorendate",501.04
"108-80-5","DTXSID7024873","Cyanuric acid",129.075
"211915-06-9","DTXSID4057681","Dabigatran etexilate",627.746
"111-96-6","DTXSID1024621","Diethylene glycol dimethyl ether",134.175
"138-25-0","DTXSID9027071","1,3-Benzenedicarboxylic acid, 5-sulfo-, 1,3-dimethyl ester",274.24
"121-69-7","DTXSID2020507","N,N-Dimethylaniline",121.183
"793-24-8","DTXSID9025114","6PPD",268.404
"838-85-7","DTXSID1048207","Diphenyl phosphate",250.19
"13252-13-6","DTXSID70880215","Perfluoro-2-methyl-3-oxahexanoic acid",330.053
"2855-13-2","DTXSID6027503","Isophorone diamine",170.3
"569-64-2","DTXSID1025512","Malachite green",364.92
"108-78-1","DTXSID6020802","Melamine",126.123
"79-39-0","DTXSID8029600","Methacrylamide",85.106
"757-86-8","DTXSID20997120","Methyl [(dimethoxyphosphorothioyl)sulfanyl]acetate",230.23
"85-47-2","DTXSID7048033","Naphthalene-1-sulfonic acid",208.23
"86-87-3","DTXSID8020915","1-Naphthaleneacetic acid",186.21
"3622-84-2","DTXSID7027540","N-Butylbenzenesulfonamide",213.3
"28291-75-0","DTXSID50891506","N-Cyclohexyl-2-benzothiazol-amine",232.35
"1691-99-2","DTXSID6027426","N-Ethyl-N-(2-hydroxyethyl)perfluorooctane sulfonamide",571.25
"7403-41-0","DTXSID30224838","Benzamide, N-ethyl-4-methoxy-",179.219
"4151-50-2","DTXSID1032646","N-Ethylperfluorooctane sulfonamide",527.2
"31506-32-8","DTXSID1067629","N-Methylperfluorooctanesulfonamide",513.17
"872-50-4","DTXSID6020856","N-Methyl-2-pyrrolidone",99.133
"7311-30-0","DTXSID90223387","N-Methyldodecylamine",199.382
"2355-31-9","DTXSID10624392","2-(N-Methylperfluorooctanesulfonamido)acetic acid",571.2
"104-40-5","DTXSID5033836","4-Nonylphenol",220.356
"104-35-8","DTXSID4058601","4-Nonylphenol ethoxylate",264.409
"27986-36-3","DTXSID9043809","Ethylene glycol nonylphenyl ether",NA
"28065-23-8","DTXSID50622271","2-Phenoxyundecanoic acid",278.392
"51437-90-2","DTXSID60563106","2-[2-(4-Octylphenoxy)ethoxy]ethan-1-ol",294.435
"26636-32-8","DTXSID50897482","Ethoxylated 4-octylphenol",NA
"140-66-9","DTXSID9022360","4-(1,1,3,3-Tetramethylbutyl)phenol",206.329
"375-73-5","DTXSID5030030","Perfluorobutanesulfonic acid",300.09
"375-22-4","DTXSID4059916","Perfluorobutanoic acid",214.039
"335-77-3","DTXSID3040148","Perfluorodecanesulfonic acid",600.14
"335-76-2","DTXSID3031860","Perfluorodecanoic acid",514.086
"52299-26-0","DTXSID40879833","Perfluorodecylphosphonic acid",600.063
"307-55-1","DTXSID8031861","Perfluorododecanoic acid",614.101
"375-92-8","DTXSID8059920","Perfluoroheptanesulfonic acid",450.12
"375-85-9","DTXSID1037303","Perfluoroheptanoic acid",364.062
"40143-76-8","DTXSID90880439","Perfluorohexyl phosphonic acid",400.032
"355-46-4","DTXSID7040150","Perfluorohexanesulfonic acid",400.11
"307-24-4","DTXSID3031862","Perfluorohexanoic acid",314.054
"610800-34-5 ",NA,NA,NA
"68259-12-1","DTXSID8071356","Perfluorononanesulfonic acid",550.13
"375-95-1","DTXSID8031863","Perfluorononanoic acid",464.078
"754-91-6","DTXSID3038939","Perfluorooctanesulfonamide",499.14
"1763-23-1","DTXSID3031864","Perfluorooctanesulfonic acid",500.13
"335-67-1","DTXSID8031865","Perfluorooctanoic acid",414.07
"40143-78-0","DTXSID80879832","(Perfluorooctyl)phosphonic acid",500.048
"2706-91-4","DTXSID8062600","Perfluoropentanesulfonic acid",350.1
"2706-90-3","DTXSID6062599","Perfluoropentanoic acid",264.047
"376-06-7","DTXSID3059921","Perfluorotetradecanoic acid",714.117
"72629-94-8","DTXSID90868151","Perfluorotridecanoic acid",664.109
"2058-94-8","DTXSID8047553","Perfluoroundecanoic acid",564.093
"67905-19-5","DTXSID1070800","Perfluorohexadecanoic acid",814.132
"16517-11-6","DTXSID1066071","Perfluorooctadecanoic acid",914.148
"77-09-8","DTXSID0021125","Phenolphthalein",318.328
"90-43-7","DTXSID2021151","2-Phenylphenol",170.211
"78-40-0","DTXSID8026228","Triethyl phosphate",182.156
"115-86-6","DTXSID1021952","Triphenyl phosphate",326.288
"85-68-7","DTXSID3020205","Benzyl butyl phthalate",312.365
"84-66-2","DTXSID7021780","Diethyl phthalate",222.24
"84-74-2","DTXSID2021781","Dibutyl 1,2-benzenedicarboxylate",278.348
"117-84-0","DTXSID1021956","Di-n-octyl phthalate",390.564
"84-62-8","DTXSID3021778","Diphenyl phthalate",318.328
"57-56-7","DTXSID7043823","Semicarbazide",75.071
"128-39-2","DTXSID6027052","2,6-Di-tert-butylphenol",206.329
"58-90-2","DTXSID9021716","2,3,4,6-Tetrachlorophenol",231.88
"1154-59-2","DTXSID4040767","3,5-Dichlorosalicyl-3,4-dichloroanilide",351
"70-55-3","DTXSID8029105","4-Toluenesulfonamide",171.21
"102-82-9","DTXSID4026183","Tributylamine",185.355
"101-20-2","DTXSID4026214","Triclocarban",315.58
"77-93-0","DTXSID0040701","Triethyl citrate",276.285
"112-49-2","DTXSID8026224","Triethylene glycol dimethyl ether",178.228
"10108-86-8","DTXSID90905939","N,N,N-Trimethyloctan-1-aminium chloride",207.79
"129-73-7","DTXSID7031531","Leucomalachite green",330.475
"1076-38-6","DTXSID8061472","2H-1-Benzopyran-2-one, 4-hydroxy-",162.144
"27195-25-1","DTXSID40949929","17-Hydroxyandrostan-3-yl hexopyranuronate",468.587
"244-69-9","DTXSID80179147","gamma-Carboline",168.199
"54-16-0","DTXSID50861582","(5-Hydroxy-1H-indol-3-yl)acetic acid",191.186
"53-35-0","DTXSID00967467","6,11,17,21-Tetrahydroxypregn-4-ene-3,20-dione",378.465
"302-27-2","DTXSID4046319","Aconitine",645.746
"520-75-2","DTXSID6022557","Adenine",135.13
"58-61-7","DTXSID1022558","Adenosine",267.245
"58-85-5","DTXSID7022679","Biotin",244.31
"357-57-3","DTXSID2024662","Brucine",394.471
"60-27-5","DTXSID8045987","Creatinine",113.12
"66-81-9","DTXSID6024882","Cycloheximide",281.352
"161599-46-8","DTXSID40167207","2',3'-Di-O-acetyl-5'-deoxy-5-fluorocytidine",329.284
"486-66-8","DTXSID9022310","Daidzein",254.241
"512-04-9","DTXSID00895074","Diosgenin",414.63
"51-43-4","DTXSID5022986","(-)-Epinephrine",183.207
"531-75-9","DTXSID7045318","Esculin",340.284
"536-21-0","DTXSID3048314","Norfenefrine",153.181
"446-72-0","DTXSID5022308","Genistein",270.24
"77-06-5","DTXSID0020656","Gibberellic acid",346.379
"19210-12-9","DTXSID101032528","Harpagoside",494.493
"303-33-3","DTXSID3075381","Heliotrine",313.394
"6209-65-0","DTXSID50977677","Heliotrine N-oxide",329.393
"51-45-6","DTXSID4023125","Histamine",111.148
"4998-57-6","DTXSID00901785","DL-Histidine",155.157
"489-32-7","DTXSID00964133","Icariin",676.668
"500-64-1","DTXSID5033595","(+)-Kavain",230.263
"10285-07-1","DTXSID60145542","Lycopsamine",299.367
"95462-15-0","DTXSID801353569","(+)-Lycopsamine-N-oxide",315.366
"174418-82-7","DTXSID20903988","7-Hydroxymitragynine",414.502
"315-22-0","DTXSID9020902","Monocrotaline",325.361
"35337-98-5","DTXSID70956767","Monocrotaline N-oxide",341.36
"98-92-0","DTXSID2020929","Niacinamide",122.127
"51-63-8","DTXSID2057865","Dextroamphetamine sulfate",368.49
"7531-52-4","DTXSID00226268","L-Prolinamide",114.148
"65-23-6","DTXSID4023541","Pyridoxine",169.18
"51-34-3","DTXSID6023573","Scopolamine",303.358
"51-67-2","DTXSID2043874","Tyramine",137.182
"128-13-2","DTXSID6023731","Ursodeoxycholic acid",392.58
"6625-54-3","DTXSID80280242","1-Chloromethyl-5-nitronaphthalene",221.64
"26172-55-4","DTXSID9034286","5-Chloro-2-methyl-3(2H)-isothiazolone",149.59
"578-95-0","DTXSID8060371","9(10H)-Acridinone",195.221
"618-39-3","DTXSID8045012","Benzenecarboximidamide",120.155
"3734-22-3","DTXSID90190782","2(5H)Furanone, 3-benzyl-4-hydroxy-",190.198
"147676-66-2","DTXSID70163777","Gendenafil",354.41
"28159-98-0","DTXSID3032416","Cybutryne",253.37
"30125-65-6","DTXSID10891446","Deethylterbutryne",213.3
"77500-04-0","DTXSID1020801","MeIQx",213.244
"51169-17-6","DTXSID701023654","5-(4-Methylphenyl)-5-phenylimidazolidine-2,4-dione",266.3
"72084-13-0","DTXSID50391112","2-phenoxybenzamide",213.236
"106105-17-3","DTXSID40909922","[(2-Butyl-6,7-dichloro-2-cyclopentyl-1-oxo-2,3-dihydro-1H-inden-5-yl)oxy]acetic acid",399.31
"97825-25-7","DTXSID7048378","Ractopamine",301.386
"501-36-0","DTXSID4031980","Resveratrol",228.247
"480-54-6","DTXSID6021242","Retrorsine",351.399
"15503-86-3","DTXSID4020747","Isatidine",367.398
"130-01-8","DTXSID40871615","Senecionine",335.4
"13268-67-2","DTXSID901016615","Senecionine N-oxide",351.399
"480-81-9","DTXSID8026016","Seneciphylline",333.384
"38710-26-8","DTXSID301016605","Seneciphylline N-oxide",349.383
"2318-18-5","DTXSID4021266","Senkirkine",365.426
"371959-09-0","DTXSID00365484","Norneo Sildenafil",459.57
"856190-47-1","DTXSID20234860","Sulfoaildenafil",504.67
"479073-80-8","DTXSID90197337","Thiohomosildenafil",504.67
"1446089-82-2","DTXSID901366731","Benzyl sildenafil",550.68
"496835-35-9","DTXSID10197970","Methisosildenafil",488.61
"139755-85-4","DTXSID60161161","Lodenafil",504.61
"479073-82-0","DTXSID50197338","Hydroxythiohomosildenafil",520.67
"479073-79-5","DTXSID30197336","Thiosildenafil",490.64
"4098-40-2","DTXSID701032140","Mitragynine",398.503
"842-07-9","DTXSID4021135","C.I. Solvent Yellow 14",248.285
"3118-97-6","DTXSID5040706","C.I. Solvent Orange 7",276.339
"24341-30-8","DTXSID90891444","N4-Acetylsulfadimethoxine",352.37
"83732-70-1","DTXSID10232597","Sodium 6-chloro-3-hydroxy-4-isopropyltoluene-2-sulphonate",286.7
"532-80-9","DTXSID70904723","(+)-Synephrine",167.208
"52671-39-3/365-26-4",NA,NA,NA
"385769-84-6","DTXSID50191896","Aminotadalafil",390.399
"171596-31-9","DTXSID40747280","(6R,12aS)-6-(2H-1,3-Benzodioxol-5-yl)-2-butyl-2,3,6,7,12,12a-hexahydropyrazino[1',2':1,6]pyrido[3,4-b]indole-1,4-dione",431.492
"1261351-28-3","DTXSID50858558","2-{2-Ethoxy-5-[(4-ethylpiperazin-1-yl)acetyl]phenyl}-5-methyl-7-propylimidazo[5,1-f][1,2,4]triazin-4(1H)-one",466.586
"224785-98-2","DTXSID40431379","2-[2-ethoxy-5-[4-(2-hydroxyethyl)piperazin-1-yl]sulfonylphenyl]-5-methyl-7-propyl-3H-imidazo[5,1-f][1,2,4]triazin-4-one",504.61
"224788-34-5","DTXSID00177004","Pseudovardenafil",459.57
"615-05-4","DTXSID5041358","2,4-Diaminoanisole",138.17
"15301-40-3","DTXSID4046521","Actinoquinol",253.27
"60207-31-0","DTXSID3041613","Azaconazole",300.14
"127-68-4","DTXSID2027048","Sodium 3-nitrobenzenesulfonate",225.15
"131-57-7","DTXSID3022405","2-Hydroxy-4-methoxybenzophenone",228.247
"719-59-5","DTXSID0052463","2-Amino-5-chlorobenzophenone",231.68
"1775-95-7","DTXSID40170317","2-Amino-5-nitrobenzophenone",242.234
"4065-45-6","DTXSID2042436","Sulisobenzone",308.3
"15435-29-7","DTXSID90165596","Bromochlorophene",426.91
"52-51-7","DTXSID8024652","Bronopol",199.988
"60-11-7","DTXSID5020491","C.I. Solvent Yellow 2",225.295
"120-32-1","DTXSID5020154","Clorophene",218.68
"1222-05-5","DTXSID8027373","1,3,4,6,7,8-Hexahydro-4,6,6,7,8,8-hexamethylcyclopenta[g]-2-benzopyran",258.405
"80-73-9","DTXSID1073153","1,3-Dimethyl-2-imidazolidinone",114.148
"99-76-3","DTXSID4022529","Methylparaben",152.149
"80135-31-5","DTXSID9025299","2-Ethylhexyl-2-cyano-3,3-diphenylacrylate",361.485
"27503-81-7","DTXSID3038852","Ensulizole",274.29
"94-13-3","DTXSID4022527","Propylparaben",180.203
"3380-34-5","DTXSID5032498","Triclosan",289.54
"256393-37-0","DTXSID101347733","(S)-Galaxolidone",272.388
"68392-35-8","DTXSID3037094","4-Hydroxytamoxifen",387.523
"39546-32-2","DTXSID7068182","4-Piperidinecarboxamide",128.175
"51-21-8","DTXSID2020634","5-Fluorouracil",130.078
"50-44-2","DTXSID0020810","6-Mercaptopurine",152.18
"77337-76-9","DTXSID3044259","Acamprosate",181.21
"37517-30-9","DTXSID2048539","Acebutolol",336.432
"827-61-2","DTXSID2045658","Aceclidine",169.224
"954-67-6",NA,NA,NA
"53164-05-9","DTXSID7022540","Acemetacin",415.83
"13461-01-3","DTXSID00864407","Acepromethazine",326.46
"59-66-5","DTXSID7022544","Acetazolamide",222.24
"299-89-8","DTXSID801043380","Acetiamine",366.44
"831217-01-7","DTXSID10232178","Acetildenafil",466.586
"968-81-0","DTXSID7020007","Acetohexamide",324.4
"50-78-2","DTXSID5020108","Aspirin",180.159
"59277-89-3","DTXSID1022556","Acyclovir",225.208
"87848-99-5","DTXSID6022555","Acrivastine",348.446
"4360-12-7","DTXSID6045537","Ajmaline",326.44
"54965-21-8","DTXSID0022563","Albendazole",265.33
"34271-50-6","DTXSID001317232","(+)-Salbutamol",239.315
"69049-06-5","DTXSID0048927","Alfentanil hydrochloride",452.98
"84-96-8","DTXSID9023708","Trimeprazine",298.45
"173334-57-1","DTXSID40891494","Aliskiren",551.769
"59338-93-1","DTXSID10866755","Alizapride",315.377
"315-30-0","DTXSID4022573","Allopurinol",136.114
"27469-53-0","DTXSID4057899","Almitrine",477.564
"13655-52-2","DTXSID0045127","Alprenolol",249.354
"5749-48-4","DTXSID90973017","Selenocyanate",104.99
"645-05-6","DTXSID4022579","Hexamethylmelamine",210.285
"963-07-5","DTXSID70242192","Amydricaine",278.396
"768-94-5","DTXSID8022117","Amantadine",151.253
"18683-91-5","DTXSID8022583","Ambroxol",378.108
"51022-69-6","DTXSID6045905","Amcinonide",502.579
"37571-84-9","DTXSID40862664","Amidephrine",244.31
"2609-46-3","DTXSID9043853","Amiloride",229.63
"125-84-8","DTXSID8022589","Aminoglutethimide",232.283
"123-82-0","DTXSID6048468","2-Aminoheptane",115.22
"58-15-1","DTXSID7020504","4-Dimethylaminoantipyrine",231.299
"2207-50-3","DTXSID00862867","Aminorex",162.192
"1951-25-3","DTXSID7022592","Amiodarone",645.32
"88150-42-9","DTXSID7022596","Amlodipine",408.88
"78613-35-1","DTXSID0046690","Amorolfine",317.517
"26787-78-0","DTXSID3037044","Amoxicillin",365.4
"69-53-4","DTXSID4022602","Ampicillin",349.41
"60719-84-8","DTXSID9022603","Amrinone",187.202
"120511-73-1","DTXSID9022607","Anastrozole",293.374
"401900-40-1","DTXSID40193187","Andarine",441.363
"91-75-8","DTXSID3022613","Antazoline",265.36
"58-00-4","DTXSID8022614","Apomorphine",267.328
"7568-93-6","DTXSID10864094","(±)-Phenylethanolamine",137.182
"66711-21-5","DTXSID1048415","Apraclonidine",245.11
"37640-71-4","DTXSID3022615","Aprindine",322.496
"528-92-7","DTXSID00862125","Allylisopropylacetylurea",184.239
"55779-18-5","DTXSID3057773","Arprinocid",277.69
"68844-77-9","DTXSID9020110","Astemizole",458.581
"198904-31-3","DTXSID9048691","Atazanavir",704.869
"29122-68-7","DTXSID2022628","Atenolol",266.341
"56392-14-4","DTXSID70881080","Metoprolol acid",267.325
"81346-71-6","DTXSID10557479","2-[4-(3-Amino-2-hydroxypropoxy)phenyl]acetamide",224.26
"134523-00-5","DTXSID8029868","Atorvastatin",558.65
"148146-51-4","DTXSID001355523","Atorvastatin Epoxide",431.463
"51-55-8","DTXSID4020113","(+/-)-Atropine",289.375
"330784-47-9","DTXSID50186727","Avanafil",483.96
"2537-29-3","DTXSID20862980","Proxibarbital",226.232
"13539-59-8","DTXSID6045408","Azapropazone",300.362
"3964-81-6","DTXSID6022636","Azatadine",290.41
"58581-89-8","DTXSID6022638","Azelastine",381.9
"120162-55-2","DTXSID8041614","Azimsulfuron",424.4
"83905-01-5","DTXSID8030760","Azithromycin",748.996
"1134-47-0","DTXSID5022641","Baclofen",213.66
"81732-65-2","DTXSID5048550","Bambuterol",367.446
"2016-63-9","DTXSID0022642","Bamifylline",385.468
"4945-47-5","DTXSID5057751","Bamipine",280.415
"57-44-3","DTXSID5022643","Barbital",184.195
"57-43-2","DTXSID9020081","Amobarbital",226.276
"561-86-4","DTXSID60204648","Brallobarbital",287.113
"76-74-4","DTXSID7023435","Pentobarbital",226.276
"50-06-6","DTXSID5021122","Phenobarbital",232.239
"125-40-6","DTXSID2022709","Butabarbital",212.249
"76-73-3","DTXSID6044145","Secobarbital",238.287
"1639-79-8","DTXSID10167678","Barverin",509.695
"501-68-8","DTXSID5057755","Beclamide",197.66
"39552-01-7","DTXSID80865957","1-(7-{2-Hydroxy-3-[(propan-2-yl)amino]propoxy}-1-benzofuran-2-yl)ethan-1-one",291.347
"73-48-3","DTXSID5022647","Bendroflumethiazide",421.41
"5003-48-5","DTXSID5022649","Benorylate",313.309
"2156-27-6","DTXSID10862853","Benproperine",309.453
"322-35-0","DTXSID9022651","Benserazide",257.246
"29462-18-8","DTXSID40897431","Bentazepam",296.39
"1020251-53-9","DTXSID501031839","Benzamidenafil",389.408
"86-13-5","DTXSID9022659","Benztropine",307.437
"94-09-7","DTXSID8021804","Benzocaine",165.192
"17243-39-9","DTXSID4022654","Benzoctamine",249.357
"97-30-3","DTXSID7026605","Methyl alpha-D-glucopyranoside",194.183
"987-24-6","DTXSID8022668","Betamethasone acetate",434.504
"5593-20-4","DTXSID2022672","Betamethasone dipropionate",504.595
"2152-44-5","DTXSID7022673","Betamethasone valerate",476.585
"63659-18-7","DTXSID2022674","Betaxolol",307.434
"55-73-2","DTXSID7022677","Bethanidine",177.251
"153559-49-0","DTXSID1040619","Bexarotene",348.486
"41859-67-0","DTXSID3029869","Bezafibrate",361.82
"90357-06-5","DTXSID2022678","Bicalutamide",430.37
"514-65-8","DTXSID6022680","Biperiden",311.469
"603-50-9","DTXSID1022681","Bisacodyl",361.397
"66722-44-9","DTXSID6022682","Bisoprolol",325.449
"20448-86-6","DTXSID801043211","Bornaprine",329.484
"147536-97-8","DTXSID7046627","Bosentan",551.62
"138890-62-7","DTXSID6045531","Brinzolamide",383.5
"3572-43-8","DTXSID6022686","Bromhexine",376.136
"86-22-6","DTXSID5022691","Brompheniramine",319.246
"496-67-3","DTXSID2040656","Bromisovalum",223.07
"57801-81-7","DTXSID0022692","Brotizolam",393.69
"1083-57-4","DTXSID6020721","3-Hydroxy-4-butyrophenetidide",223.272
"51333-22-3","DTXSID8020202","Budesonide",430.541
"57982-78-2","DTXSID20206709","Budipine",293.454
"2438-72-4","DTXSID7045368","Bufexamac",223.272
"28395-03-1","DTXSID5022699","Bumetanide",364.42
"34915-68-9","DTXSID2022701","Bunitrolol",248.326
"2180-92-9","DTXSID2022703","Bupivacaine",288.435
"14556-46-8","DTXSID7022704","Bupranolol",271.79
"52485-79-7","DTXSID2022705","Buprenorphine",467.65
"36505-84-7","DTXSID2022707","Buspirone",385.512
"2043-38-1","DTXSID6022713","Buthiazide",353.84
"3772-43-8","DTXSID50870957","2-(Diethylamino)ethyl 4-butoxybenzoate",293.407
"30924-31-3","DTXSID60184916","Cafaminol",267.289
"132722-73-7","DTXSID701492497","Calcium;2-[4-(carboxylatomethyl)-7-(carboxymethyl)-10-(2-hydroxypropyl)-1,4,7,10-tetrazacyclododec-1-yl]acetate",442.526
"26097-80-3","DTXSID0046852","Cambendazole",302.35
"139481-59-7","DTXSID0022725","Candesartan",440.463
"145040-37-5","DTXSID5020239","Candesartan cilexetil",610.671
"976-71-6","DTXSID3045930","Canrenone",340.463
"154361-50-9","DTXSID3046451","Capecitabine",359.354
"404-86-4","DTXSID9020241","Capsaicin",305.418
"62571-86-2","DTXSID1037197","Captopril",217.28
"57775-29-8","DTXSID00866648","Carazolol",298.386
"51-83-2","DTXSID9022730","Carbachol",182.65
"298-46-4","DTXSID4022731","Carbamazepine",236.274
"90-89-1","DTXSID1022928","Diethylcarbamazine",199.298
"486-16-8","DTXSID4022737","Carbinoxamine",290.79
"944241-52-5","DTXSID00747822","5-[2-Ethoxy-5-(4-ethylpiperazine-1-carbonyl)phenyl]-1-methyl-3-propyl-1,4-dihydro-7H-pyrazolo[4,3-d]pyrimidin-7-one",452.559
"339-43-5","DTXSID8022741","Carbutamide",271.34
"34866-47-2","DTXSID00865737","N-{5-[2-(tert-Butylamino)-1-hydroxyethyl]-2-hydroxyphenyl}urea",267.329
"78-44-4","DTXSID8024733","Carisoprodol",260.334
"53716-49-7","DTXSID1045871","Carprofen",273.72
"51781-06-7","DTXSID3022746","Carteolol",292.379
"23964-58-1","DTXSID7048536","Articaine",284.37
"72956-09-3","DTXSID8022747","Carvedilol",406.482
"53994-73-3","DTXSID3022748","Cefaclor",367.8
"50370-12-2","DTXSID8022749","Cefadroxil",363.39
"15686-71-2","DTXSID9022780","Cephalexin",347.39
"5575-21-3","DTXSID5045388","Cefalonium",458.51
"25953-19-9","DTXSID2022753","Cefazolin",454.5
"62893-19-0","DTXSID2022759","Cefoperazone",645.67
"84957-30-2","DTXSID00894103","Cefquinome",528.6
"72558-82-8","DTXSID5022770","Ceftazidime",546.57
"80370-57-6","DTXSID7046702","Ceftiofur",523.55
"169590-42-5","DTXSID0022777","Celecoxib",381.37
"56980-93-9","DTXSID3020259","Celiprolol",379.501
"145599-86-6","DTXSID9022786","Cerivastatin",459.558
"83881-51-0","DTXSID4022787","Cetirizine",388.89
"56-75-7","DTXSID7020265","Chloramphenicol",323.13
"500-42-5","DTXSID0049026","Chlorazanil",221.65
"522-18-9","DTXSID80862108","Chlorbenzoxamine",435.01
"82-93-9","DTXSID9048011","Chlorcyclizine",300.83
"80-77-3","DTXSID3022798","Chlormezanone",273.73
"1058653-74-9","DTXSID20747329","5-[5-(Chloroacetyl)-2-ethoxyphenyl]-1-methyl-3-propyl-1,4-dihydro-7H-pyrazolo[4,3-d]pyrimidin-7-one",388.85
"171489-59-1","DTXSID601347683","Chloropretadalafil",426.85
"59-32-5","DTXSID50207729","Chloropyramine [INN:BAN:DCF]",289.81
"54-05-7","DTXSID2040446","Chloroquine",319.88
"58-94-6","DTXSID0022800","Chlorothiazide",295.71
"22632-00-4","DTXSID50945290","2-(2-Chloro-10H-phenothiazin-10-yl)-N,N-dimethylethan-1-amine--hydrogen chloride (1/1)",341.29
"132-22-9","DTXSID0022804","Chlorpheniramine",274.79
"94-20-2","DTXSID9020322","Chlorpropamide",276.74
"57-62-5","DTXSID9022811","Chlortetracycline",478.88
"77-36-1","DTXSID4022812","Chlorthalidone",338.76
"82009-34-5","DTXSID8048238","Cilastatin",358.45
"88768-40-5","DTXSID1048629","Cilazapril",417.506
"54239-37-1","DTXSID2045652","Cimaterol",219.288
"51481-61-9","DTXSID4020329","Cimetidine",252.34
"85-79-0","DTXSID3045271","Dibucaine",343.471
"132-60-5","DTXSID0040705","Cinchophen",249.269
"1446089-83-3","DTXSID701101567","5-[2-Ethoxy-5-[2-[4-(3-phenyl-2-propen-1-yl)-1-piperazinyl]acetyl]phenyl]-1,6-dihydro-1-methyl-3-propyl-7H-pyrazolo[4,3-d]pyrimidin-7-one",554.695
"298-57-7","DTXSID3022821","Cinnarizine",368.524
"28657-80-9","DTXSID8022822","Cinoxacin",262.221
"85721-33-1","DTXSID8022824","Ciprofloxacin",331.347
"81098-60-4","DTXSID3022825","Cisapride",465.95
"30544-61-7","DTXSID10184628","Clanobutin",347.8
"81103-11-9","DTXSID3022829","Clarithromycin",747.964
"101831-36-1","DTXSID30869364","[2-Chloro-4-(3,5-dioxo-4,5-dihydro-1,2,4-triazin-2(3H)-yl)phenyl](4-chlorophenyl)acetonitrile",373.19
"15686-51-8","DTXSID2022832","Clemastine",343.9
"37148-27-9","DTXSID7022833","Clenbuterol",277.19
"15302-10-0","DTXSID80864581","N-(2,4-Dichlorophenyl)-3-(piperidin-1-yl)butanamide",315.24
"7020-55-5","DTXSID6045379","Clidinium",352.453
"38083-17-9","DTXSID6046555","Climbazole",292.76
"18323-44-9","DTXSID2022836","Clindamycin",424.98
"22316-47-8","DTXSID2046759","Clobazam",300.74
"1159-93-9","DTXSID50151218","Clobenzepam",315.8
"25122-41-2","DTXSID2048955","Clobetasol",410.91
"25122-46-7","DTXSID6045907","Clobetasol propionate",466.97
"25122-57-0","DTXSID3046823","Clobetasone butyrate",478.99
"14860-49-2","DTXSID2022838","Clobutinol",255.79
"637-07-0","DTXSID3020336","Clofibrate",242.7
"533-45-9","DTXSID6022842","Clomethiazole",161.65
"1622-61-3","DTXSID1022845","Clonazepam",315.71
"4205-90-7","DTXSID6022846","Clonidine",230.09
"636-54-4","DTXSID1022847","Clopamide",345.84
"3703-76-2","DTXSID7048532","Cloperastine",329.87
"90055-48-4","DTXSID70861221","(+/-)-Clopidogrel",321.82
"2971-90-6","DTXSID8041793","Clopidol",192.04
"3811-25-4","DTXSID3048316","Clorprenaline",213.71
"57808-65-8","DTXSID6040662","Closantel",663.07
"23593-75-1","DTXSID7029871","Clotrimazole",344.84
"64-86-8","DTXSID5024845","Colchicine",399.443
"77175-51-0","DTXSID6058475","Croconazole",310.78
"483-63-6","DTXSID6040664","Crotamiton",203.285
"6168-76-9","DTXSID60891471","Crotetamide",226.32
"82-92-8","DTXSID4022864","Cyclizine",266.388
"303-53-7","DTXSID0046933","Cyclobenzaprine",275.395
"512-15-2","DTXSID3048528","Cyclopentolate",291.391
"1173706-34-7",NA,NA,NA
"50-18-0","DTXSID5020364","Cyclophosphamide",261.08
"2259-96-3","DTXSID3022871","Cyclothiazide",389.87
"579-23-7","DTXSID7046386","Cyclovalone",366.413
"129-03-3","DTXSID8022872","Cyproheptadine",287.406
"2098-66-0","DTXSID3022873","Cyproterone",374.91
"147-94-4","DTXSID3022877","Cytarabine",243.219
"115-93-5","DTXSID8041828","Cythioate",297.28
"2022-85-7","DTXSID3023059","Flucytosine",129.094
"112398-08-0","DTXSID0046432","Danofloxacin",357.385
"72822-12-9","DTXSID90223140","Dapiprazole",325.46
"119356-77-3","DTXSID0057627","Dapoxetine",305.421
"80-08-0","DTXSID4020371","Dapsone",248.3
"206361-99-1","DTXSID0046779","Darunavir",547.67
"1131-64-2","DTXSID7022885","Debrisoquin",175.235
"18507-89-6","DTXSID5046851","Decoquinate",417.546
"14484-47-0","DTXSID9020378","Deflazacort",441.524
"3579-62-2","DTXSID10189315","Denaverine",383.532
"14611-51-9","DTXSID6023575","Selegiline",187.286
"100643-71-8","DTXSID1044196","Desloratadine",310.83
"638-94-8","DTXSID7046756","Desonide",416.514
"14007-50-2","DTXSID80930699","3,20-Dioxopregn-4-en-21-yl 3-phenylpropanoate",462.63
"5440-57-3","DTXSID10281126","Diethyl acetamido[(naphthalen-1-yl)methyl]propanedioate",357.406
"50-02-2","DTXSID3020384","Dexamethasone",392.467
"125-71-3","DTXSID3022908","Dextromethorphan",271.404
"701900-96-1",NA,NA,NA
"117-96-4","DTXSID0044521","Diatrizoic acid",613.916
"5355-16-8","DTXSID2046200","Diaveridine",260.297
"439-14-5","DTXSID4020406","Diazepam",284.74
"120-97-8","DTXSID1022922","Dichlorphenamide",305.14
"101831-37-2","DTXSID4046787","Diclazuril",407.64
"15307-86-5","DTXSID6022923","Diclofenac",296.15
"3116-76-5","DTXSID1022924","Dicloxacillin",470.32
"77-19-0","DTXSID1022926","Dicyclomine",309.494
"65928-58-7","DTXSID80891478","Dienogest",311.425
"60-91-3","DTXSID40208700","Diethazine",298.45
"98106-17-3","DTXSID5048348","Difloxacin",399.398
"22494-42-4","DTXSID5022932","Diflunisal",250.201
"56209-45-1","DTXSID401430084","dl-cis-Diltiazem",414.52
"5636-83-9","DTXSID9022942","Dimethindene",292.426
"7456-24-8","DTXSID6023076","Fonazine",391.55
"551-92-8","DTXSID5020497","1,2-Dimethyl-5-nitroimidazole",141.13
"21954-86-9","DTXSID1044279","1,4-Bis(2-ethylhexyl) 2-sulfosuccinate",422.58
"497-75-6","DTXSID00862044","1-(3,4-Dihydroxyphenyl)-2-ethylaminopropan-1-ol",211.261
"1609405-33-5",NA,NA,NA
"58-73-1","DTXSID4022949","Diphenhydramine",255.361
"915-30-0","DTXSID8022951","Diphenoxylate",452.598
"147-20-6","DTXSID3022952","Diphenylpyraline",281.399
"58875-33-5","DTXSID00207577","Diponium",324.528
"479-18-5","DTXSID6022975","Dyphylline",254.246
"58-32-2","DTXSID6040668","Dipyridamole",504.636
"50567-35-6","DTXSID6044143","Metamizol",311.36
"3737-09-5","DTXSID1045536","Disopyramide",339.483
"105-41-9","DTXSID60861715","4-Methyl-2-hexanamine",115.22
"34368-04-2","DTXSID3022958","DL-Dobutamine",301.386
"57808-66-9","DTXSID1045116","Domperidone",425.92
"120014-06-4","DTXSID8048317","Donepezil",379.5
"120279-96-1","DTXSID7022960","Dorzolamide",324.43
"309-29-5","DTXSID2022963","Doxapram",378.516
"564-25-0","DTXSID0037653","Doxycycline",444.44
"469-21-6","DTXSID1022970","Doxylamine",270.376
"1679-76-1","DTXSID0048472","Drofenine",317.473
"141626-36-0","DTXSID3048653","Dronedarone",556.76
"17692-31-8","DTXSID0045624","Dropropizine",236.315
"67392-87-4","DTXSID7046465","Drospirenone",366.501
"90729-43-4","DTXSID6046472","Ebastine",469.669
"154598-52-4","DTXSID9046029","Efavirenz",315.68
"143322-58-1","DTXSID9046861","Eletriptan",382.52
"15687-14-6","DTXSID7057654","Embutramide",293.407
"143491-57-0","DTXSID0040129","Emtricitabine",247.24
"75847-73-3","DTXSID5022982","Enalapril",376.453
"77671-31-9","DTXSID8045147","Enoximone",248.3
"93106-60-6","DTXSID1045619","Enrofloxacin",359.401
"130929-57-6","DTXSID5046439","Entacapone",305.29
"107724-20-9","DTXSID2046094","Eplerenone",414.498
"133040-01-4","DTXSID0022989","Eprosartan",424.52
"114-07-8","DTXSID4022991","Erythromycin",733.937
"81147-92-4","DTXSID4022995","Esmolol",295.379
"119141-88-7","DTXSID4044292","Esomeprazole",345.42
"58-54-8","DTXSID3025257","Ethacrynic acid",303.14
"74-55-5","DTXSID8023006","Ethambutol",204.314
"938-73-8","DTXSID4020581","2-Ethoxybenzamide",165.192
"59-06-3","DTXSID6046264","Ethopabate",237.255
"41340-25-4","DTXSID9020615","Etodolac",287.359
"17692-34-1","DTXSID30864793","Etodroxizine",418.96
"519-37-9","DTXSID5023031","Etofylline",224.22
"107868-30-4","DTXSID5023037","Exemestane",296.41
"76824-35-6","DTXSID5023039","Famotidine",337.44
"23271-74-1","DTXSID70865087","4-(Morpholin-4-yl)butan-2-yl 4-phenyloxane-4-carboxylate",347.455
"72509-76-3","DTXSID4023042","Felodipine",384.25
"43210-67-9","DTXSID0040672","Fenbendazole",299.35
"36330-85-5","DTXSID9023043","Fenbufen",254.285
"1209-98-9","DTXSID60862601","N-Ethyl-3-phenylbicyclo[2.2.1]heptan-2-amine",215.34
"13042-18-7","DTXSID5048473","Fendiline",315.46
"458-24-2","DTXSID4023044","Fenfluramine",231.262
"19023-40-6","DTXSID20891492","N-Nitrosofenfluramine",260.26
"49562-28-9","DTXSID2029874","Fenofibrate",360.83
"42017-89-0","DTXSID8041030","Fenofibric acid",318.75
"31879-05-7","DTXSID9023045","Fenoprofen",242.274
"13392-18-2","DTXSID4023046","Fenoterol",303.358
"77-01-0","DTXSID70227803","Fenpipramide",322.452
"3540-95-2","DTXSID10188883","Fenpiprane",279.427
"16397-28-7","DTXSID0043921","Fenproporex",188.274
"437-38-7","DTXSID9023049","Fentanyl",336.479
"42045-86-3","DTXSID30962228","3-Methylfentanyl",350.506
"72479-26-6","DTXSID7057812","Fenticonazole",455.4
"83799-24-0","DTXSID00861411","Fexofenadine",501.667
"98319-26-7","DTXSID3020625","Finasteride",372.553
"54143-55-4","DTXSID8023054","Flecainide",414.348
"23779-99-9","DTXSID8057695","Floctafenine",406.361
"73231-34-2","DTXSID9045500","Florfenicol",358.21
"31430-15-6","DTXSID8023058","Flubendazole",313.288
"86386-73-4","DTXSID3020627","Fluconazole",306.277
"127-31-1","DTXSID7023061","Fludrocortisone",380.456
"514-36-3","DTXSID2023062","Fludrocortisone acetate",422.493
"530-78-9","DTXSID7023063","Flufenamic acid",281.234
"78755-81-4","DTXSID2023064","Flumazenil",303.293
"42835-25-6","DTXSID5045623","Flumequine",261.252
"2135-17-3","DTXSID2045365","Flumethasone",410.458
"3385-03-3","DTXSID1045534","Flunisolide",434.504
"1622-62-4","DTXSID7023065","Flunitrazepam",313.288
"38677-85-9","DTXSID4048565","Flunixin",296.249
"67-73-2","DTXSID0040674","Fluocinolone acetonide",452.495
"426-13-1","DTXSID7047435","Fluorometholone",376.468
"56995-20-1","DTXSID4048436","Flupirtine",304.325
"17617-23-1","DTXSID1023071","Flurazepam",387.88
"5104-49-4","DTXSID0037231","Flurbiprofen",244.265
"13311-84-7","DTXSID7032004","Flutamide",276.215
"80474-14-2","DTXSID8045511","Fluticasone propionate",500.57
"93957-54-1","DTXSID2020636","Fluvastatin",411.473
"73573-87-2","DTXSID1023077","Formoterol",344.411
"98048-97-6","DTXSID1023079","Fosinopril",563.672
"67-45-8","DTXSID4041997","Furazolidone",225.16
"54-31-9","DTXSID6020648","Furosemide",330.74
"60142-96-3","DTXSID0020074","Gabapentin",171.24
"357-70-0","DTXSID2045606","Galanthamine",287.359
"16662-47-8","DTXSID5045172","Gallopamil",484.637
"95058-81-4","DTXSID3040487","Gemcitabine",263.201
"25812-30-0","DTXSID0020652","Gemfibrozil",250.338
"1403-66-3","DTXSID5034642","Gentamicin",NA
"60282-87-3","DTXSID6046478","Gestodene",310.437
"16320-04-0","DTXSID4023094","Gestrinone",308.421
"3820-67-5","DTXSID1048546","Glafenine",372.81
"10238-21-8","DTXSID0037237","Glybenclamide",494
"26944-48-9","DTXSID001016937","Glibornuride",366.48
"93479-97-1","DTXSID5040675","Glimepiride",490.62
"29094-61-9","DTXSID0040676","Glipizide",445.54
"109889-09-0","DTXSID0023111","Granisetron",312.417
"126-07-8","DTXSID8020674","Griseofulvin",352.77
"93-14-1","DTXSID5023114","Guaifenesin",198.218
"5051-62-7","DTXSID6045666","Guanabenz",231.08
"2165-19-7","DTXSID3046166","Guanoxan",207.233
"3093-35-4","DTXSID6045375","Halcinonide",454.96
"55837-20-2","DTXSID0048260","Halofuginone",414.68
"54-03-5","DTXSID20202302","Hexobendine",592.686
"493-80-1","DTXSID20197764","Histapyrrodine",280.415
"87-00-3","DTXSID6044014","dl-Homatropine",275.348
"642928-07-2","DTXSID10214510","Homosildenafil",488.61
"539-15-1","DTXSID2046096","Hordenine",165.236
"58-93-5","DTXSID2020713","Hydrochlorothiazide",297.73
"125-29-1","DTXSID8023131","Hydrocodone",299.37
"50-03-3","DTXSID20962156","11,17-Dihydroxy-3,20-dioxopregn-4-en-21-yl acetate",404.503
"135-09-1","DTXSID3023132","Hydroflumethiazide",331.28
"68-88-2","DTXSID8023137","Hydroxyzine",374.91
"51146-56-6","DTXSID9048724","Dexibuprofen",206.285
"3778-73-2","DTXSID7020760","Ifosfamide",261.08
"220127-57-1","DTXSID9040502","Imatinib mesylate",589.72
"27885-92-3","DTXSID0048345","Imidocarb",348.41
"312753-06-3","DTXSID90185198","Indacaterol",392.499
"40507-78-6","DTXSID40193521","Indanazoline",201.273
"26807-65-8","DTXSID7044633","Indapamide",365.83
"150378-17-9","DTXSID4043802","Indinavir",613.803
"53-86-1","DTXSID9020740","Indomethacin",357.79
"31842-01-0","DTXSID5045831","Indoprofen",281.311
"26844-12-2","DTXSID7048370","Indoramin",347.462
"136949-58-1","DTXSID90869865","Iobitridol",835.169
"92339-11-2","DTXSID2045523","Iodixanol",1550.191
"66108-95-0","DTXSID6023157","Iohexol",821.142
"78649-41-9","DTXSID1049061","Iomeprol",777.089
"62883-00-5","DTXSID90860751","Bracco 15000",777.089
"1221-56-3","DTXSID9048271","Ipodate sodium",619.943
"73334-07-3","DTXSID0023163","Iopromide",791.116
"87771-40-2","DTXSID2045521","Ioversol",807.115
"28179-44-4","DTXSID60182457","Ioxitalamic acid",643.942
"60205-81-4","DTXSID9048437","Ipratropium",332.463
"76180-96-6","DTXSID4020745","2-Amino-3-methyl-3H-imidazo[4,5-f]quinoline",198.229
"138402-11-6","DTXSID0023169","Irbesartan",428.54
"77-51-0","DTXSID5057830","Isoaminile",244.382
"27523-40-6","DTXSID7045447","Isoconazole",416.12
"54-85-3","DTXSID8020755","Isoniazid",137.142
"482-15-5","DTXSID5048267","Isothipendyl",285.41
"395-28-8","DTXSID9023178","Isoxsuprine",301.386
"75695-93-1","DTXSID4023179","Isradipine",371.393
"155974-00-8","DTXSID2048240","Ivabradine",468.594
"70288-86-7","DTXSID7040235","Ivermectin",NA
"70209-81-3","DTXSID3023182","Ivermectin B1b",861.079
"6740-88-1","DTXSID8023187","Ketamine",237.73
"469-79-4","DTXSID00196977","Ketobemidone",247.338
"65277-42-1","DTXSID7029879","Ketoconazole",531.43
"22071-15-4","DTXSID6020771","Ketoprofen",254.285
"74103-06-3","DTXSID8023189","Ketorolac",255.273
"34580-13-7","DTXSID7023190","Ketotifen",309.43
"36894-69-6","DTXSID2023191","Labetalol",328.412
"175481-36-4","DTXSID1057666","Lacosamide",250.298
"84057-84-1","DTXSID2023195","Lamotrigine",256.09
"103577-45-3","DTXSID4023200","Lansoprazole",369.36
"100427-26-7","DTXSID2048327","Lercanidipine",611.739
"10466-37-2","DTXSID20306278","4,4'-Methylenedibenzonitrile",218.259
"112809-51-5","DTXSID4023202","4,4'-(1H-1,2,4-Triazol-1-ylmethylene)dibenzonitrile",285.31
"14769-73-4","DTXSID4023206","Levamisole",204.29
"102767-28-2","DTXSID9023207","Levetiracetam",170.212
"47141-42-4","DTXSID1043833","Levobunolol",291.391
"79516-68-0","DTXSID1048548","Levocabastine",420.528
"100986-85-4","DTXSID0041060","Levofloxacin",361.373
"137-58-6","DTXSID1045166","Lidocaine",234.343
"668270-12-0","DTXSID201021653","Linagliptin",472.553
"154-21-2","DTXSID3023215","Lincomycin",406.54
"165800-03-3","DTXSID5046489","Linezolid",337.351
"76547-98-3","DTXSID6040537","Lisinopril",405.495
"18016-80-3","DTXSID3023217","Lisuride",338.455
"53808-88-1","DTXSID4046151","Lonazolac",312.75
"192725-17-0","DTXSID8046456","Lopinavir",628.814
"79794-75-5","DTXSID2023224","Loratadine",382.89
"114798-26-4","DTXSID7023227","Losartan",422.92
"75330-75-5","DTXSID5020784","Lovastatin",404.547
"51-48-9","DTXSID8023214","Levothyroxine",776.874
"2019-68-3","DTXSID101043208","Atrolactamide",165.192
"56341-08-3","DTXSID3048283","Mabuterol",310.75
"115550-35-1","DTXSID4046600","Marbofloxacin",362.361
"22232-71-9","DTXSID1023237","Mazindol",284.74
"31431-39-7","DTXSID4040682","Mebendazole",295.298
"3625-06-7","DTXSID6023238","Mebeverine",429.557
"644-62-2","DTXSID0048559","Meclofenamic acid",296.15
"569-65-3","DTXSID0023242","Meclizine",390.96
"520-85-4","DTXSID0036508","Medroxyprogesterone",344.495
"61-68-7","DTXSID5023243","Mefenamic acid",241.29
"53230-10-7","DTXSID4037168","Mefloquine",378.318
"7195-27-9","DTXSID0048844","Mefruside",382.87
"595-33-5","DTXSID9040683","Megestrol acetate",384.516
"71125-38-7","DTXSID1020803","Meloxicam",351.4
"148-82-3","DTXSID6020804","Melphalan",305.2
"19982-08-2","DTXSID5045174","Memantine",179.307
"57-42-1","DTXSID9023253","Meperidine",247.338
"23694-81-7","DTXSID40865110","1-[(2-Methyl-1H-indol-4-yl)oxy]-3-[(propan-2-yl)amino]propan-2-ol",262.353
"96-88-8","DTXSID9023259","Mepivacaine",246.354
"54340-58-8","DTXSID6048543","Meptazinol",233.355
"91-84-9","DTXSID9023542","Pyrilamine",285.391
"29216-28-2","DTXSID8023262","Mequitazine",322.47
"91220-43-8","DTXSID90238451","Purine-6-thione",150.16
"119478-56-7","DTXSID10274179","Meropenem trihydrate",437.51
"1665-48-1","DTXSID3023269","Metaxalone",221.256
"657-24-9","DTXSID2023270","Metformin",129.167
"493-78-7","DTXSID5020817","Methaphenilene",260.4
"72-44-6","DTXSID7023279","Methaqualone",250.301
"554-57-4","DTXSID1023281","Methazolamide",236.26
"60-56-0","DTXSID4020820","Methimazole",114.17
"151-83-7","DTXSID1023287","Methohexital",262.309
"59-05-2","DTXSID4020822","Methotrexate",454.447
"93-30-1","DTXSID0023292","Methoxyphenamine",179.263
"77-41-8","DTXSID5023293","Methsuximide",203.241
"135-07-9","DTXSID6023313","Methyclothiazide",360.22
"552-79-4","DTXSID7045992","(-)-Methylephedrine",179.263
"361-37-5","DTXSID2023307","Methysergide",353.466
"22664-55-7","DTXSID4046078","Metipranolol",309.406
"4969-02-2","DTXSID1047867","Metixene",309.47
"364-62-5","DTXSID6045169","Metoclopramide",299.8
"17560-51-9","DTXSID6045167","Metolazone",365.83
"37350-58-6","DTXSID2023309","Metoprolol",267.369
"443-48-1","DTXSID2020892","Metronidazole",171.156
"54-36-4","DTXSID1023314","Metyrapone",226.279
"31828-71-4","DTXSID8048446","Mexiletine",179.263
"22916-47-8","DTXSID6023319","Miconazole",416.12
"84371-65-3","DTXSID5023322","Mifepristone",429.604
"92623-85-3","DTXSID3048287","Milnacipran",246.354
"38304-91-5","DTXSID9040685","Minoxidil",209.253
"862189-95-5","DTXSID50881265","Mirodenafil",531.67
"108612-45-9","DTXSID5046801","Mizolastine",432.503
"68693-11-8","DTXSID0023329","Modafinil",273.35
"83919-23-7","DTXSID4023333","Mometasone furoate",521.43
"17090-79-8","DTXSID4048561","Monensin",670.881
"158966-92-8","DTXSID9023334","Montelukast",586.19
"20574-50-9","DTXSID9048562","Morantel",220.33
"10539-19-2","DTXSID6057613","Moxaverine",307.393
"113507-06-5","DTXSID5037577","Moxidectin",639.83
"354812-41-2","DTXSID30861404","1-Cyclopropyl-6-fluoro-8-methoxy-7-(octahydro-6H-pyrrolo[3,4-b]pyridin-6-yl)-4-oxo-1,4-dihydroquinoline-3-carboxylic acid",401.438
"54-32-0","DTXSID4023339","Moxisylyte",279.38
"75438-57-2","DTXSID5045170","Moxonidine",241.68
"24280-93-1","DTXSID4041070","Mycophenolic acid",320.341
"42924-53-8","DTXSID4045472","Nabumetone",228.291
"42200-33-9","DTXSID3023342","Nadolol",309.406
"65472-88-0","DTXSID6048545","Naftifine",287.406
"20594-83-6","DTXSID8023345","Nalbuphine",357.45
"389-08-2","DTXSID3020912","Nalidixic acid",232.239
"62-67-9","DTXSID3023348","Nalorphine",311.381
"465-65-6","DTXSID8023349","Naloxone",327.38
"16590-41-3","DTXSID4046313","Naltrexone",341.407
"835-31-4","DTXSID3048449","Naphazoline",210.28
"22204-53-1","DTXSID4040686","(+)-(S)-Naproxen",230.263
"55134-13-9","DTXSID2046707","Narasin",765.038
"105816-04-4","DTXSID9040687","Nateglinide",317.429
"99200-09-6","DTXSID9040556","alpha,alpha′-[Iminobis(methylene)]bis[6-fluoro-3,4-dihydro-2H-1-benzopyran-2-methanol]",405.442
"13669-70-0","DTXSID2048535","Nefopam",253.345
"55985-32-5","DTXSID6023363","Nicardipine",479.533
"50-65-7","DTXSID7040362","5-Chloro-N-(2-chloro-4-nitrophenyl)-2-hydroxybenzamide",327.12
"21829-25-4","DTXSID2025715","Nifedipine",346.339
"2139-47-1","DTXSID7045366","Nifenazone",308.341
"4394-00-7","DTXSID1023368","Niflumic acid",282.222
"28643-80-3","DTXSID601435559","Nigericin, sodium salt (1:1)",746.955
"75530-68-6","DTXSID2046624","Nilvadipine",385.376
"51803-78-2","DTXSID3037250","Nimesulide",308.31
"6506-37-2","DTXSID1057795","Nimorazole",226.236
"63675-72-9","DTXSID0023371","Nisoldipine",388.42
"80890-07-9","DTXSID70230776","3,5-Pyridinedicarboxylic acid, 1,4-dihydro-2,6-dimethyl-4-(3-nitrophenyl)-, ethyl methyl ester, (4R)-",360.366
"67-20-9","DTXSID7020972","Nitrofurantoin",238.159
"76963-41-2","DTXSID5023376","Nizatidine",331.45
"68-22-4","DTXSID9023380","Norethindrone",298.426
"51-98-9","DTXSID4023381","Norethindrone acetate",340.463
"70458-96-7","DTXSID7037680","Norfloxacin",319.336
"6035-40-1","DTXSID901032089","(+/-)-Noscapine",413.426
"303-81-1","DTXSID3041083","Novobiocin",612.632
"1400-61-9","DTXSID4040688","Nystatin",NA
"7683-36-5","DTXSID50227649","Obidoxime",288.306
"82419-36-1","DTXSID3041085","Ofloxacin",361.373
"113806-05-6","DTXSID3023390","Olopatadine",337.419
"15722-48-2","DTXSID8023391","Olsalazine",302.242
"73590-58-6","DTXSID6021080","Omeprazole",345.42
"99614-02-5","DTXSID8023393","Ondansetron",293.37
"96829-58-2","DTXSID8023395","Orlistat",495.745
"16773-42-5","DTXSID4045420","Ornidazole",219.63
"83-98-7","DTXSID3023396","Orphenadrine",269.388
"196618-13-0","DTXSID9044291","Oseltamivir",312.41
"66-79-5","DTXSID8023397","Oxacillin",401.44
"60607-34-3","DTXSID4045181","Oxatomide",426.564
"28721-07-5","DTXSID0045703","Oxcarbazepine",252.273
"468-61-1","DTXSID0048343","Oxeladin",335.488
"126-27-2","DTXSID0025818","Oxethazaine",467.654
"53716-50-0","DTXSID9044112","Oxfendazole",315.35
"30286-75-0","DTXSID0023402","Oxitropium bromide",412.324
"1446144-70-2",NA,NA,NA
"14698-29-4","DTXSID1021089","Oxolinic acid",261.233
"3689-50-7","DTXSID5023405","Oxomemazine",330.45
"6452-71-7","DTXSID1043835","Oxprenolol",265.353
"99-43-4","DTXSID7048530","Benoxinate",308.422
"5633-20-5","DTXSID0023406","Oxybutynin",357.494
"15687-41-9","DTXSID0023408","Oxyfedrine",313.397
"1491-59-4","DTXSID3040691","Oxymetazoline",260.381
"129-20-4","DTXSID1045291","Oxyphenbutazone",324.38
"125-53-1","DTXSID4023410","Oxyphencyclimine",344.455
"79-57-2","DTXSID1034260","Oxytetracycline",460.439
"102625-70-7","DTXSID4023416","Pantoprazole",383.37
"58-74-2","DTXSID4023418","Papaverine",339.391
"103-90-2","DTXSID2020006","Acetaminophen",151.165
"38363-40-5","DTXSID8023428","Penbutolol",291.435
"39809-25-1","DTXSID9046491","Penciclovir",253.262
"87-08-1","DTXSID3023429","Penicillin V",350.39
"1028-33-7","DTXSID2057609","Pentifylline",264.329
"6493-05-6","DTXSID7023437","3,7-Dihydro-3,7-dimethyl-1-(5-oxohexyl)-1H-Purine-2,6-dione",278.312
"77-23-6","DTXSID9022734","Carbetapentane",333.472
"66104-23-2","DTXSID6040583","Pergolide methanesulfonate",410.59
"82978-68-5","DTXSID60861053","1-[2-[[1-(Ethoxycarbonyl)butyl]amino]-1-oxopropyl]octahydro-1H-indole-2-carboxylic acid",368.474
"62-44-2","DTXSID1021116","Phenacetin",179.219
"58640-87-2","DTXSID30110040","Phenazocine, (-)-",321.464
"60-80-0","DTXSID6021117","Phenazone",188.23
"94-78-0","DTXSID1023445","Phenazopyridine",213.244
"114-86-3","DTXSID1023449","Phenformin",205.265
"86-21-5","DTXSID0023454","Pheniramine",240.35
"435-97-2","DTXSID5023459","Phenprocoumon",280.323
"122-09-8","DTXSID9023461","Phentermine",149.237
"50-60-2","DTXSID4023462","Phentolamine",281.359
"50-33-9","DTXSID9021136","4-Butyl-1,2-diphenyl-3,5-Pyrazolidinedione",308.381
"59-42-7","DTXSID9023465","Phenylephrine",167.208
"92-12-6","DTXSID9023467","Phenyltoloxamine",255.361
"57-41-0","DTXSID8020541","5,5-Diphenylhydantoin",252.273
"509-67-1","DTXSID70198923","Pholcodine",398.503
"57-47-6","DTXSID3023471","Physostigmine",275.352
"92-13-7","DTXSID1021162","Pilocarpine",208.261
"13523-86-9","DTXSID8023476","Pindolol",248.326
"111025-46-8","DTXSID3037129","Pioglitazone",356.44
"110-85-0","DTXSID1021164","Piperazine",86.138
"147676-50-4","DTXSID701347650","Piperiacetildenafil",437.544
"17243-64-0","DTXSID70864757","Ethyl [3-ethyl-4-oxo-5-(piperidin-1-yl)-1,3-thiazolidin-2-ylidene]acetate",298.4
"28797-61-7","DTXSID7023487","Pirenzepine",351.41
"55837-27-9","DTXSID2023488","Piretanide",362.4
"302-41-0","DTXSID00184293","Piritramide",430.596
"68252-19-7","DTXSID1043839","Pirmenol",338.495
"36322-90-4","DTXSID5021170","Piroxicam",331.35
"1248-42-6","DTXSID7046461","Pitofenone hydrochloride",403.9
"15574-96-6","DTXSID6023490","Pizotyline",295.44
"346-18-9","DTXSID6025939","Polythiazide",439.87
"6673-35-4","DTXSID0021179","Practolol",266.341
"35080-11-6","DTXSID6023494","N-Propylajmaline",369.528
"104632-26-0","DTXSID6023496","Pramipexole",211.33
"81093-37-0","DTXSID6023498","Pravastatin",424.534
"55268-74-1","DTXSID9021182","Praziquantel",312.413
"19216-56-9","DTXSID4049082","Prazosin",383.408
"50-24-8","DTXSID9021184","Prednisolone",360.45
"83-43-2","DTXSID7023300","Methylprednisolone",374.477
"53-03-2","DTXSID4021185","Prednisone",358.434
"148553-50-8","DTXSID1045950","Pregabalin",159.229
"390-64-7","DTXSID0048555","Prenylamine",329.487
"721-50-6","DTXSID7031955","Prilocaine",220.316
"90-34-6","DTXSID8023509","Primaquine",259.353
"125-33-7","DTXSID7023510","Primidone",218.256
"302-33-0","DTXSID2048452","Proadifen",353.506
"57-66-9","DTXSID9021188","Probenecid",285.36
"51-06-9","DTXSID7023512","Procainamide",235.331
"59-46-1","DTXSID7045021","Procaine",236.315
"77-37-2","DTXSID2023515","Procyclidine",287.447
"500-92-5","DTXSID3022794","Chlorguanide",253.73
"60-87-7","DTXSID7023518","Promethazine",284.42
"54063-53-5","DTXSID9045184","Propafenone",341.451
"298-50-0","DTXSID6047230","Propanthelin",368.496
"3670-68-6","DTXSID80190155","Propipocaine",275.392
"60569-19-9","DTXSID5048265","Propiverine",367.489
"525-66-6","DTXSID6023525","Propranolol",259.349
"51-52-5","DTXSID5021209","6-Propyl-2-thiouracil",170.23
"479-92-5","DTXSID6023529","Propyphenazone",230.311
"22760-18-5","DTXSID4021210","Proquazone",278.355
"303-69-5","DTXSID50184389","Prothipendyl",285.41
"14222-60-7","DTXSID7045940","Prothionamide",180.27
"603-00-9","DTXSID5023536","Proxyphylline",238.247
"518-20-7","DTXSID60862101","Cyclocumarol",322.36
"91-81-6","DTXSID8023717","Tripelennamine",255.365
"58-14-0","DTXSID9021217","Pyrimethamine",248.71
"1098-97-1","DTXSID3048362","Pyrithioxine",368.47
"35648-29-4","DTXSID90957034","6-(Dimethylamino)-2-[2-(2,5-dimethyl-1-phenyl-1H-pyrrol-3-yl)ethenyl]-1-methylquinolin-1-ium iodide",509.435
"87056-78-8","DTXSID501366553","rel-N,N-Diethyl-N′-[(3R,4aR,10aS)-1,2,3,4,4a,5,10,10a-octahydro-6-hydroxy-1-propylbenzo[g]quinolin-3-yl]sulfamide",395.56
"85441-61-8","DTXSID4023547","Quinapril",438.524
"56-54-2","DTXSID4023549","Quinidine",324.424
"130-95-0","DTXSID0044280","Quinine",324.424
"117976-89-3","DTXSID3044122","Rabeprazole",359.44
"22662-39-1","DTXSID5046227","Rafoxanide",626.01
"84449-90-1","DTXSID3023550","Raloxifene",473.59
"3615-24-5","DTXSID1045906","Ramifenazone",245.326
"87333-19-5","DTXSID8023551","Ramipril",416.518
"66357-35-5","DTXSID8045191","Ranitidine",314.4
"483-04-5","DTXSID60904151","Raubasine",352.434
"132875-61-7","DTXSID00157826","Remifentanil",376.453
"135062-02-1","DTXSID3023552","Repaglinide",452.595
"54063-54-6","DTXSID8023553","Reproterol",389.412
"50-55-5","DTXSID7021237","Reserpine",608.688
"36791-04-5","DTXSID8023557","Ribavirin",244.207
"88747-56-2",NA,NA,NA
"54187-04-1","DTXSID3045194","Rilmenidine",180.251
"1744-22-5","DTXSID3045192","6-(Trifluoromethoxy)-2-Benzothiazolamine",234.2
"13392-28-4","DTXSID2023561","Rimantadine",179.307
"168273-06-1","DTXSID3046453","Rimonabant",463.79
"26652-09-5","DTXSID7048534","Ritodrine",287.359
"155213-67-5","DTXSID1048627","Ritonavir",720.95
"366789-02-8","DTXSID3057723","Rivaroxaban",435.88
"123441-03-2","DTXSID7023564","Rivastigmine",250.342
"145202-66-0","DTXSID20162937","Rizatriptan benzoate",391.475
"25875-51-8","DTXSID9046813","Robenidine",334.2
"7681-76-7","DTXSID6045400","Ronidazole",200.154
"91374-21-9","DTXSID8045195","Ropinirole",260.381
"84057-95-4","DTXSID4040187","Ropivacaine",274.408
"122320-73-4","DTXSID7037131","Rosiglitazone",357.43
"287714-41-4","DTXSID8048492","Rosuvastatin",481.54
"80214-83-1","DTXSID8041117","Roxithromycin",837.058
"65-45-2","DTXSID3021726","Salicylamide",137.138
"551-35-9","DTXSID50203620","Salicylamide, N-isopropyl-",179.219
"69-72-7","DTXSID7026368","Salicylic acid",138.122
"13898-58-3","DTXSID8046406","Benzoylpas",257.245
"89-57-6","DTXSID5024506","5-Aminosalicylic acid",153.137
"147-93-3","DTXSID4049032","2-Thiosalicylic acid",154.18
"53003-10-4","DTXSID4048486","Salinomycin",751.011
"89365-50-4","DTXSID6023571","Salmeterol",415.574
"98105-99-8","DTXSID8048494","Sarafloxacin",385.371
"13265-10-6","DTXSID0046931","Methscopolamine",318.392
"113378-31-7","DTXSID801016181","Semduramicin",873.087
"106650-56-0","DTXSID1023578","Sibutramine",279.85
"139755-83-2","DTXSID6023579","Sildenafil",474.58
"79902-63-9","DTXSID0023581","Simvastatin",418.574
"486460-32-6","DTXSID70197572","Sitagliptin",407.32
"180272-14-4|180468-39-7|242478-37-1|242478-38-2",NA,NA,NA
"3930-20-9","DTXSID0023589","Sotalol",272.36
"83647-97-6","DTXSID1044300","Spirapril",466.61
"52-01-7","DTXSID6034186","Spironolactone",416.58
"128-46-1","DTXSID0022937","Dihydrostreptomycin",583.596
"56030-54-7","DTXSID6023604","Sufentanil",386.55
"127-71-9","DTXSID7045287","Sulfabenzamide",276.31
"80-32-0","DTXSID9045265","Sulfachloropyridazine",284.72
"4015-18-3","DTXSID20960591","4-Amino-N-(5-chloro-2,6-dimethylpyrimidin-4-yl)benzene-1-sulfonamide",312.77
"102-65-8","DTXSID60144515","Sulfaclozine",284.72
"68-35-9","DTXSID7044130","Sulfadiazine",250.28
"122-11-2","DTXSID1023607","Sulfadimethoxine",310.33
"2447-57-6","DTXSID6023608","Sulfadoxine",310.33
"94-19-9","DTXSID4046286","Sulfaethidole",284.35
"57-67-0","DTXSID1023609","Sulfaguanidine",214.24
"152-47-6","DTXSID2046179","Sulfalene",280.3
"651-06-9","DTXSID5023613","Sulfamethoxydiazine",280.3
"57-68-1","DTXSID6021290","Sulfamethazine",278.33
"144-82-1","DTXSID5023615","Sulfamethizole",270.33
"723-46-6","DTXSID8026064","Sulfamethoxazole",253.28
"80-35-3","DTXSID5023611","Sulfamethoxypyridazine",280.3
"1220-83-3","DTXSID8045351","Sulfamonomethoxine",280.3
"729-99-7","DTXSID5023617","Sulfamoxole",267.3
"1337-39-9","DTXSID4023622","Sulfanilamide",172.2
"144-83-2","DTXSID3026067","Sulfapyridine",249.29
"59-40-5","DTXSID8042424","Sulfaquinoxaline",300.34
"599-79-1","DTXSID0021256","Sulfasalazine",398.39
"72-14-0","DTXSID8026068","Sulfathiazole",255.31
"85-73-4","DTXSID8023470","Phthalylsulfathiazole",403.43
"57-96-5","DTXSID0023618","Sulfinpyrazone",404.48
"127-69-5","DTXSID6021292","Sulfisoxazole",267.3
"38194-50-2","DTXSID4023624","Sulindac",356.41
"61-56-3","DTXSID4023626","Sulthiame",290.35
"103628-46-2","DTXSID4023628","Sumatriptan",295.4
"40828-46-4","DTXSID5045469","Suprofen",260.31
"27470-51-5","DTXSID6021296","Suxibuzone",438.48
"321-64-2","DTXSID1037272","Tacrine",198.269
"171596-29-5","DTXSID9046786","Tadalafil",389.411
"171596-36-4","DTXSID40431339","Nortadalafil",375.384
"38649-73-9","DTXSID6046426","Talinolol",363.502
"10540-29-1","DTXSID1034187","Tamoxifen",371.524
"175591-23-8","DTXSID30170003","Tapentadol",221.344
"191114-48-4","DTXSID3046455","Telithromycin",812.018
"144701-48-4","DTXSID8023636","Telmisartan",514.629
"147127-20-6","DTXSID9040132","Tenofovir",287.216
"63590-64-7","DTXSID3023639","Terazosin",387.44
"91161-71-6","DTXSID2023640","Terbinafine",291.438
"23031-25-6","DTXSID7021310","Terbutaline",225.288
"67915-31-5","DTXSID2045498","Terconazole",532.47
"50679-08-8","DTXSID2023642","Terfenadine",471.685
"1077-93-6","DTXSID60862525","Ternidazole",185.183
"15793-40-5","DTXSID60860001","Terodiline",281.443
"34784-64-0","DTXSID80865735","Tertatolol",295.44
"94-24-6","DTXSID1043883","Tetracaine",264.369
"60-54-8","DTXSID7023645","Tetracycline",444.44
"53808-87-0","DTXSID80202085","Tetroxoprim",334.376
"84-22-0","DTXSID1047861","Tetrahydrozoline",200.285
"847-25-6","DTXSID401033713","Racephenicol",356.21
"1420-55-9","DTXSID1023651","Thiethylperazine",399.62
"154-42-7","DTXSID6023652","6-Thioguanine",167.19
"76-75-5","DTXSID1023653","Thiopental",242.34
"69558-55-0","DTXSID9046609","Thymopentin",679.776
"115103-54-3","DTXSID5023663","Tiagabine",375.55
"55297-95-5","DTXSID2046701","Tiamulin",493.75
"274693-27-5","DTXSID901009337","Ticagrelor",522.57
"55142-85-3","DTXSID5023669","Ticlopidine",263.78
"6252-92-2","DTXSID50861820","4-(3-Hydroxy-3-phenyl-3-(2-thienyl)propyl)-4-methylmorpholine",318.45
"20380-58-9","DTXSID401347825","trans-Tilidine",NA
"108050-54-0","DTXSID5046011","Tilmicosin",869.147
"26839-75-8","DTXSID4023674","(S)-Timolol",316.42
"19387-91-8","DTXSID4023676","Tinidazole",247.27
"910-86-1","DTXSID70238358","Tiocarlide",400.58
"51322-75-9","DTXSID9023679","Tizanidine",253.71
"1156-19-0","DTXSID3021358","Tolazamide",311.4
"59-98-3","DTXSID3023683","Tolazoline",160.22
"64-77-7","DTXSID8021359","Tolbutamide",270.35
"13710-19-5","DTXSID1045409","Tolfenamic acid",261.71
"2933-94-0","DTXSID50863061","Toliprolol",223.316
"26171-23-3","DTXSID2043951","Tolmetin",257.289
"2398-96-1","DTXSID3042477","Tolnaftate",307.41
"5632-44-0","DTXSID30863584","Tolpropamine",253.389
"69004-03-1","DTXSID90219063","Toltrazuril",425.38
"3686-58-6","DTXSID8057724","Tolycaine",278.352
"97240-79-4","DTXSID8023688","Topiramate",339.36
"123948-87-8","DTXSID3042685","Topotecan",421.453
"56211-40-6","DTXSID2023690","Torsemide",348.42
"89778-26-7","DTXSID3023689","Toremifene",405.97
"27203-92-5","DTXSID90858931","Tramadol",263.381
"87679-37-6","DTXSID2023692","Trandolapril",430.545
"1197-18-8","DTXSID3045350","Tranexamic acid",157.213
"15421-84-8","DTXSID0045416","Trapidil",205.265
"124-94-7","DTXSID1040742","Triamcinolone",394.439
"76-25-5","DTXSID6021371","Triamcinolone acetonide",434.504
"396-01-0","DTXSID6021373","Triamterene",253.269
"28911-01-5","DTXSID6046763","Triazolam",343.21
"133-67-5","DTXSID7023699","Trichlormethiazide",380.64
"68786-66-3","DTXSID7043952","Triclabendazole",359.65
"144-11-6","DTXSID4023705","Trihexyphenidyl",301.474
"138-56-7","DTXSID8023711","Trimethobenzamide",388.464
"738-70-5","DTXSID3023712","Trimethoprim",290.323
"14617-19-7",NA,NA,NA
"486-12-4","DTXSID3023718","Triprolidine",278.399
"14504-73-5","DTXSID10864514","Tritoqualine",500.548
"53783-83-8","DTXSID00202062","Tromantadine [INN:DCF]",280.412
"1508-75-4","DTXSID8045220","Tropicamide",284.359
"89565-68-4","DTXSID2044137","Tropisetron",284.359
"47608-32-2","DTXSID6048337","Trospium",392.518
"41570-61-0","DTXSID7048457","Tulobuterol",227.73
"1401-69-0","DTXSID3043996","Tylosin",916.112
"66-02-4","DTXSID50110067","3,5-Diiodotyrosine",432.984
"268203-93-6","DTXSID00870301","Udenafil",516.66
"181695-72-7","DTXSID6044226","Valdecoxib",314.36
"175865-60-8","DTXSID8048288","Valganciclovir",354.367
"99-66-1","DTXSID6023733","Valproic acid",144.214
"137862-53-4","DTXSID6023735","Valsartan",435.528
"1404-90-6","DTXSID0042664","Vancomycin",1449.27
"224785-90-4","DTXSID3048318","Vardenafil",488.61
"249296-44-4","DTXSID70891447","Varenicline",211.268
"71109-09-6","DTXSID5049077","Quadrisol",282.383
"56949-77-0","DTXSID9041152","(+/-)-Verapamil",454.611
"274901-16-5","DTXSID80881091","Vildagliptin",303.406
"1617-90-9","DTXSID9040134","Vincamine",354.45
"5543-57-7","DTXSID50873382","(S)-Warfarin",308.333
"2530-97-4","DTXSID1048255","Xanthinol",311.342
"14293-44-8","DTXSID5023744","Xipamide",354.81
"526-36-3","DTXSID8046957","Xylometazoline",244.382
"146-48-5","DTXSID9040130","Yohimbine",354.45
"151319-34-5","DTXSID5023748","Zaleplon",305.341
"30516-87-1","DTXSID8020127","3'-Azido-3'-deoxythymidine",267.245
"139264-17-8","DTXSID8045933","Zolmitriptan",287.363
"68291-97-4","DTXSID9046023","Zonisamide",212.22
"43200-80-2","DTXSID4041155","Zopiclone",388.81
"6493-07-8","DTXSID40215232","1-(3'-Carboxypropyl)-3,7-dimethylxanthine",266.257
"71758-44-6","DTXSID20698322","2-(2-Chloroanilino)benzaldehyde",231.68
"68011-66-5","DTXSID20218201","2-Hydroxycarbamazepine",252.273
"51146-55-5","DTXSID30873789","2-Hydroxyibuprofen",222.284
"64744-50-9","DTXSID40215070","Gabapentin-lactam",153.225
"950-81-2","DTXSID10241720","2,3-Dihydro-1,5-dimethyl-3-oxo-2-phenyl-1H-pyrazole-4-carbaldehyde",216.24
"5939-37-7","DTXSID70891503","7-Hydroxymethotrexate",470.446
"41515-09-7","DTXSID401023493","1-((5-(p-Acetamidophenyl)-2-furanyl)methyleneamino)-hydantoin",326.312
"1417999-76-8",NA,NA,NA
"147676-56-0","DTXSID10163776","Hydroxyacetildenafil",482.585
"949091-38-7","DTXSID10652413","5-{2-Ethoxy-5-[(4-methylpiperazin-1-yl)acetyl]phenyl}-1-methyl-3-propyl-1,4-dihydro-7H-pyrazolo[4,3-d]pyrimidin-7-one",452.559
"76567-28-7","DTXSID00226167","Albendazole sulfone",297.33
"519-65-3","DTXSID00199862","Dioxypyramidon",263.297
"83-15-8","DTXSID40232106","N-Antipyrinylacetamide",245.282
"1672-58-8","DTXSID10168241","4-Formylaminoantipyrine",231.255
"83-07-8","DTXSID8048860","Ampyrone",203.245
"13132-73-5","DTXSID80927160","3-Hydroxybromazepam",332.157
"42242-69-3","DTXSID40962395","3-[3-(tert-Butylamino)-2-hydroxypropoxy]-4-chlorobenzoic acid",301.77
"78715-23-8","DTXSID60891436","Norbuprenorphine",413.558
"29331-92-8","DTXSID50865484","Licarbazepine",254.289
"35079-97-1","DTXSID30891504","10,11-Dihydroxycarbamazepine",270.288
"36507-30-9","DTXSID60891456","Carbamazepine-10,11-epoxide",252.273
"1333233-46-7","DTXSID101492320","Dithiodesmethylcarbodenafil",470.65
"83881-46-3","DTXSID401446302","Cetirizine Methyl Ester",402.92
"1076199-80-8","DTXSID90891484","Cetirizine N-oxide",404.89
"4298-15-1","DTXSID70863361","2-({4-[(7-Chloroquinolin-4-yl)amino]pentyl}amino)ethan-1-ol",307.82
"118-42-3","DTXSID8023135","Hydroxychloroquine",335.88
"101666-68-6","DTXSID10454111","N-Desmethyl Clarithromycin",733.937
"882-09-7","DTXSID1040661","Clofibric acid",214.65
"4959-17-5","DTXSID90197913","7-Aminoclonazepam",285.73
"144457-28-3","DTXSID10891466","Clopidogrel carboxylic acid",307.79
"34245-14-2","DTXSID40891459","Verapamil metabolite D617",290.407
"963-39-3","DTXSID4046155","Demoxepam",286.72
"8913-84-3",NA,NA,NA
"366462-61-5","DTXSID70747511","N-Methyl-N-[(2R)-1-phenylpropan-2-yl]prop-2-yn-1-amine N-oxide",203.285
"1088-11-5","DTXSID2049000","Desmethyldiazepam",270.72
"42399-40-6","DTXSID00881093","Desacetyl diltiazem",372.48
"130606-60-9","DTXSID601019739","N-Demethyldiltiazem hydrochloride",436.95
"1886-26-6","DTXSID60904717","(+/-)-Norfenfluramine",203.208
"33794-42-2","DTXSID101037330","(+/-)-cis-3-Methyl norfentanyl",246.354
"1609-66-1","DTXSID2057657","Norfentanyl",232.327
"90736-23-5","DTXSID0048929","para-Fluorofentanyl",354.469
"34084-50-9","DTXSID40187682","7-Aminoflunitrazepam",283.306
"894-76-8","DTXSID90237641","7-Aminodesmethylflunitrazepam",269.279
"2558-30-7","DTXSID30180268","Norflunitrazepam",299.261
"148505-57-1",NA,NA,NA
"20971-53-3","DTXSID10175152","N(sup 1)-(2-Hydroxyethyl)flurazepam",332.76
"3086-91-7","DTXSID60184875","4-Chloro-5-sulfamoylanthranilic acid",250.65
"141-83-3","DTXSID3043811","Guanidinecarboxamide",102.097
"1428-95-1","DTXSID10162188","5-(N,N-Hexamethylene)amiloride",311.77
"15935-54-3","DTXSID401016127","Carboxyibuprofen",236.267
"256-96-2","DTXSID90871625","Iminostilbene",193.249
"2996-37-4","DTXSID70952385","2-(12-Fluoro-4a,6a,8,8-tetramethyl-2-oxo-2,3,4,4a,4b,5,6,6a,9a,10,10a,10b,11,12-tetradecahydro-6bH,8H-naphtho[2',1':4,5]indeno[1,2-d][1,3]dioxol-6b-yl)-2-oxoethyl acetate",462.558
"2688-77-9","DTXSID30878577","(+)-Laudanosine",357.45
"7728-40-7","DTXSID60228006","Monoethylglycinexylidide",206.289
"2903-45-9","DTXSID30183274","Lignocaine N-oxide",250.342
"71-58-9","DTXSID0025527","Medroxyprogesterone acetate",386.532
"72460-70-9","DTXSID801024512","p-Hydroxymesocarb",338.367
"519-98-2","DTXSID80199865","4-(Methylamino)antipyrine",217.272
"56392-17-7","DTXSID9037248","Metoprolol tartrate",684.824
"51-59-2","DTXSID80199002","N-Acetyl-5-aminosalicylic acid",195.174
"82419-52-1","DTXSID301017803","N-Desmethyl ofloxacin",347.346
"15301-93-6","DTXSID50864578","Demethylorphenadrine",255.361
"187227-45-8","DTXSID50171996","Oseltamivir acid",284.356
"12656-98-3","DTXSID10891481","Pheniramine N-oxide",256.349
"19428-44-5","DTXSID60891491","N-Desmethylpheniramine",226.323
"86383-21-3","DTXSID001006774","1-[2-(3-Amino-2-hydroxypropoxy)phenyl]-3-phenylpropan-1-one",299.37
"479073-88-6",NA,NA,NA
"73857-20-2","DTXSID50891465","Ranitidine-N-oxide",330.4
"73851-70-4","DTXSID90891464","Ranitidine-S-oxide",330.4
"84467-54-9","DTXSID801004734","1-[1-(4-Chlorophenyl)cyclobutyl]-3-methylbutan-1-amine",251.8
"168835-59-4","DTXSID701314239","N-Desmethylsibutramine",265.83
"139755-82-1","DTXSID00161160","Desmethylsildenafil",460.55
"127-74-2","DTXSID00155362","N(4)-Acetylsulfadiazine",292.31
"100-90-3","DTXSID50142848","N(4)-Acetylsulfamethazine",320.37
"17103-52-5","DTXSID401300825","5-Sulfanilamido-3-methylisoxazole",253.28
"114438-33-4","DTXSID00150731","Sulfamethoxazole hydroxylamine",269.28
"21312-10-7","DTXSID8049044","N-Acetyl sulfamethoxazole",295.31
"127-76-4","DTXSID40891439","N4-Acetylsulfathiazole",297.35
"1300037-83-5","DTXSID601016935","N-Demethyltapentadol",207.317
"38677-94-0","DTXSID10191973","Nortilidine",259.349
"541505-94-6","DTXSID90652198","(1R,2S)-2-(Aminomethyl)-1-(3-methoxyphenyl)cyclohexan-1-ol",235.327
"73806-55-0","DTXSID50891485","1-(3-Methoxyphenyl)-2-(methylaminomethyl)cyclohexan-1-ol",249.354
"147441-56-3","DTXSID70649541","[(1S,2S)-2-Hydroxy-2-(3-methoxyphenyl)cyclohexyl]-N,N-dimethylmethanamine N-oxide",279.38
"73986-53-5","DTXSID40894102","3-[2-[(Dimethylamino)methyl]-1-hydroxycyclohexyl]phenol",249.354
"522648-42-6",NA,NA,NA
"144830-18-2","DTXSID90932422","3-{1-Hydroxy-2-[(methylamino)methyl]cyclohexyl}phenol",235.327
"37115-45-0","DTXSID50958284","alpha-Hydroxytriazolam",359.21
"30806-86-1","DTXSID601017795","(2,4-diaminopyrimidin-5-yl)(3,4,5-trimethoxyphenyl)methanone",304.306
"67018-85-3","DTXSID80873799","Norverapamil",440.584
"106377-28-0","DTXSID50591478","1H-1,2,3-Triazol-4-ol",85.066
"51-28-5","DTXSID0020523","2,4-Dinitrophenol",184.107
"93-76-5","DTXSID5021388","2,4,5-Trichlorophenoxyacetic acid",255.48
"1928-37-6","DTXSID80172875","2,4,5-T-methyl [ISO]",269.5
"609-19-8","DTXSID4026212","3,4,5-Trichlorophenol",197.44
"160430-64-8","DTXSID901015148","N-[(6-Chloro-3-pyridinyl)methyl]-N′-cyano-N-methylethanimidamide",222.68
"135158-54-2","DTXSID1032519","Acibenzolar-S-methyl",210.27
"50594-66-6","DTXSID0020022","Acifluorfen",361.66
"74070-46-5","DTXSID7058175","Aclonifen",264.67
"101007-06-1","DTXSID3041584","Acrinathrin",541.446
"83130-01-2","DTXSID5058195","Alanycarb",399.52
"584-79-2","DTXSID8035180","Allethrin",302.414
"497-92-7","DTXSID901016596","Allethrin II",346.423
"99-47-8","DTXSID10870438","2-Chloro-1-(3-nitrophenyl)ethan-1-one",199.59
"120923-37-7","DTXSID7057945","Amidosulfuron",369.37
"2032-59-9","DTXSID7022172","Aminocarb",208.261
"33089-61-1","DTXSID5023871","Amitraz",293.414
"61-82-5","DTXSID0020076","Amitrole",84.082
"12771-68-5","DTXSID2034338","Ancymidol",256.305
"101-05-3","DTXSID9020089","Anilazine",275.52
"64249-01-0","DTXSID5058149","Anilofos",367.84
"140-57-8","DTXSID3020097","Aramite",334.86
"66230-04-4","DTXSID4032667","Es-fenvalerate",419.91
"3244-90-4","DTXSID6032510","Aspon",378.42
"1610-17-9","DTXSID0037493","Atraton",211.269
"65195-55-3","DTXSID9058238","Avermectin B1a",873.09
"65195-56-4","DTXSID4058239","Avermectin B1b",859.063
"11141-17-6","DTXSID0037497","Azadirachtin",720.721
"2642-71-9","DTXSID5037498","Azinphos-ethyl",345.37
"4658-28-0","DTXSID3041615","Aziprotryne",225.27
"101-27-9","DTXSID3041617","Barban",258.1
"113614-08-7","DTXSID7057941","2-[4-Fluoro-3-(trifluoromethyl)phenoxy]-N-(phenylmethyl)butanamide",355.333
"71626-11-4","DTXSID3041619","Benalaxyl",325.408
"3813-05-6","DTXSID2041620","Benazolin",243.66
"22781-23-3","DTXSID9032327","Bendiocarb",223.228
"82560-54-1","DTXSID2041622","Benfuracarb",410.53
"15310-01-7","DTXSID7041623","Benodanil",323.133
"39357-40-9","DTXSID5023900","Benomyl",290.323
"98730-04-2","DTXSID3029572","Benoxacor",260.11
"83055-99-6","DTXSID7024164","Bensulfuron-methyl",410.4
"741-58-2","DTXSID9032329","Bensulide",397.5
"17606-31-4","DTXSID6058001","Bensultap",431.6
"177406-68-7","DTXSID9058232","Benthiavalicarb-isopropyl",381.47
"29356-13-6","DTXSID00418661","(3-chloro-2,6-dimethoxyphenyl)(ethoxyimino)methyl benzoate",363.79
"33878-50-1","DTXSID4044167","Ethyl (S)-N-benzoyl-N-(3,4-dichlorophenyl)-2-aminopropionate",366.24
"1929-88-0","DTXSID8041662","Benzthiazuron",207.25
"149877-41-8","DTXSID5032525","Bifenazate",300.358
"42576-02-3","DTXSID1040320","Bifenox",342.13
"28434-01-7","DTXSID2034382","Bioresmethrin",338.447
"125401-92-5","DTXSID7034383","Bispyribac-sodium",452.355
"98169-49-4","DTXSID80243493","1H-1,2,4-Triazole-1-ethanol, beta-((1,1'-biphenyl)-4-yloxy)-alpha-(1,1-dimethylethyl)-, (S-(R*,S*))-",337.423
"54494-12-1",NA,NA,NA
"80449-88-3","DTXSID5032529","Brodifacoum",523.426
"28772-56-7","DTXSID9032589","Bromadiolone",527.414
"2104-96-3","DTXSID1041683","Bromofos",365.99
"4824-78-6","DTXSID6041684","Bromophos-ethyl",394.04
"18181-80-1","DTXSID1034397","Bromopropylate",428.12
"118150-57-5","DTXSID80922615","1-Ethynyl-4-hydroperoxy-1,2,3,4-tetrahydronaphthalen-1-ol",204.225
"41483-43-6","DTXSID6041688","Bupirimate",316.42
"69327-76-0","DTXSID8034401","Buprofezin",305.44
"23184-66-9","DTXSID3034402","Butachlor",311.85
"134605-64-4","DTXSID9034365","Butafenacil",474.82
"36335-67-8","DTXSID5058068","Butamiphos",332.35
"34681-10-2","DTXSID5058062","Butocarboxim",190.26
"34681-23-7","DTXSID0041698","Butoxycarboxim",222.26
"3766-60-7","DTXSID5041699","Buturon",236.7
"95465-99-9","DTXSID7037505","Cadusafos",270.39
"2425-06-1","DTXSID4020242","Captafol",349.05
"133-06-2","DTXSID9020243","Captan",300.58
"16118-49-3","DTXSID7041756","Carbetamide",236.271
"786-19-6","DTXSID7022120","Carbophenothion",342.85
"55285-14-8","DTXSID5023950","Carbosulfan",380.55
"5234-68-4","DTXSID0023951","Carboxin",235.3
"128639-02-1","DTXSID4032532","Carfentrazone-ethyl",412.19
"133-90-4","DTXSID2020262","Chloramben",206.02
"500008-45-7","DTXSID2044345","Chlorantraniliprole",483.15
"13360-45-7","DTXSID6040290","Chlorbromuron",293.55
"1967-16-4","DTXSID6041769","Chlorbufam",223.66
"6164-98-3","DTXSID2037508","Chlordimeform",196.68
"122453-73-0","DTXSID9032533","Chlorfenapyr",407.62
"14437-17-3","DTXSID5041770","Chlorfenprop-methyl",233.09
"80-33-1","DTXSID5020310","Chlorfenson",303.15
"470-90-6","DTXSID7034250","Chlorfenvinphos",359.56
"71422-67-8","DTXSID5041772","Chlorfluazuron",540.65
"1698-60-8","DTXSID3034872","Chloridazon",221.64
"94365-91-0","DTXSID0023955","Chlorimuron-ethyl",414.82
"94365-91-0","DTXSID0023955","Chlorimuron-ethyl",414.82
"7003-89-6","DTXSID4048064","Chlormequat",122.62
"510-15-6","DTXSID9020299","Chlorobenzilate",325.19
"3691-35-8","DTXSID2032348","Chlorophacinone",374.82
"5836-10-2","DTXSID5041778","Chloropropylate",339.21
"142733-37-7","DTXSID10597537","3-Carbamoyl-2,4,5-trichlorobenzoic acid",268.47
"15545-48-9","DTXSID8052853","Chlorotoluron",212.68
"1982-47-4","DTXSID7040287","Chloroxuron",290.75
"101-21-3","DTXSID7020764","Chlorpropham",213.66
"5598-13-0","DTXSID6032352","Chlorpyrifos-methyl",322.52
"1861-32-1","DTXSID0024000","Chlorthal-dimethyl",331.95
"500-28-7","DTXSID9041784","Chlorthion",297.65
"143807-66-3","DTXSID4057976","Chromafenozide",394.515
"142891-20-1","DTXSID1036753","Cinidon-ethyl",394.25
"94593-91-6","DTXSID5058220","Cinosulfuron",413.41
"99129-21-2","DTXSID3034458","Clethodim",359.91
"126301-94-8","DTXSID6032354","Clodinafop-propargyl",349.74
"74115-24-5","DTXSID9023881","Clofentezine",303.15
"81777-89-1","DTXSID1032355","Clomazone",239.7
"1702-17-6","DTXSID9029221","Clopyralid",192
"210880-92-5","DTXSID2034465","Clothianidin",249.67
"81-82-3","DTXSID8041797","(+/-)-Coumachlor",342.78
"56-72-4","DTXSID2020347","Coumaphos",362.76
"93-65-2","DTXSID9024194","(+/-)-2-(4-Chloro-2-methylphenoxy)propionic acid",214.65
"535-89-7","DTXSID0041800","Crimidine",171.63
"7700-17-6","DTXSID6037514","Crotoxyphos",314.274
"299-86-5","DTXSID1037515","Crufomate",291.71
"62421-63-0",NA,NA,NA
"2636-26-2","DTXSID0041806","Cyanophos",243.22
"120116-88-3","DTXSID9034492","Cyazofamid",324.78
"1134-23-2","DTXSID6032356","Cycloate",215.36
"101205-02-1","DTXSID0057918","Cycloxydim",325.47
"2163-69-1","DTXSID8041824","Cycluron",198.31
"86560-92-1","DTXSID3048108","Cyfluthrin diastereoisomer I",434.29
"76703-65-6","DTXSID801033434","(R)-alpha-Cyano-3-phenoxybenzyl (Z)-(1S)-cis-3-(2-chloro-3,3,3-trifluoropropenyl)-2,2-dimethylcyclopropanecarboxylate",449.85
"22936-86-3","DTXSID6040294","2- Chloro-4-cyclopropylamino-6-isopropylamino-s-triazine",227.7
"94361-06-5","DTXSID0032601","Cyproconazole",291.78
"121552-61-2","DTXSID1032359","Cyprodinil",225.295
"42609-52-9","DTXSID2058099","Daimuron",268.36
"75-99-0","DTXSID2021575","Dalapon",142.96
"533-74-4","DTXSID7024902","Dazomet",162.27
"134-62-3","DTXSID2021995","DEET",191.274
"8065-48-3","DTXSID5022306","Demeton",516.66
"17040-19-6","DTXSID4037582","Demeton-S-methyl sulfone",262.27
"301-12-2","DTXSID8025541","Oxydemeton-methyl",246.28
"13684-56-5","DTXSID0034518","Desmedipham",300.314
"1014-69-3","DTXSID6041842","Desmetryn",213.3
"80060-09-9","DTXSID1041845","Diafenthiuron",384.58
"10311-84-9","DTXSID0037522","Dialifor",393.84
"2303-16-4","DTXSID2020391","Diallate",270.21
"6597-78-0","DTXSID1041849","Dicamba-methyl",235.06
"2463-84-5","DTXSID0041850","Dicapthon",297.65
"1085-98-9","DTXSID5041851","Dichlofluanid",333.22
"37764-25-3","DTXSID4027997","Dichlormid",208.08
"2008-58-4","DTXSID7022170","2,6-Dichlorobenzamide",190.02
"120-36-5","DTXSID0020440","Dichlorprop",235.06
"23844-57-7","DTXSID90866617","Dichlorprop-methyl",249.09
"75736-33-3","DTXSID2058178","Diclobutrazol",328.24
"75021-71-5","DTXSID70515398","(2S)-2-[4-(2,4-Dichlorophenoxy)phenoxy]propanoic acid",327.16
"75021-72-6","DTXSID60226002","Propanoic acid, 2-(4-(2,4-dichlorophenoxy)phenoxy)-, methyl ester, (2S)-",341.18
"115-32-2","DTXSID4020450","Dicofol",370.48
"87130-20-9","DTXSID5037527","Diethofencarb",267.325
"119446-68-3","DTXSID4032372","Difenoconazole",406.26
"14214-32-5","DTXSID9041863","Difenoxuron",286.331
"49866-87-7","DTXSID6043965","Difenzoquat",249.336
"83164-33-4","DTXSID4041494","Diflufenican",394.301
"18467-77-1","DTXSID0047454","Diprogulic acid",274.269
"34205-21-5","DTXSID6058059","Dimefuron",338.79
"50563-36-5","DTXSID3058111","Dimethachlor",255.74
"55290-64-7","DTXSID0024052","Dimethipin",210.26
"5221-53-4","DTXSID8041874","Dimethirimol",209.293
"110488-70-5","DTXSID7034545","Dimethomorph",387.86
"2274-67-1","DTXSID9058026","Dimethylvinphos",331.51
"149961-52-4","DTXSID3057981","Dimoxystrobin",326.396
"131-89-5","DTXSID4024064","Dinex",266.253
"83657-18-5","DTXSID2034548","Diniconazole-M",326.22
"6119-92-2","DTXSID7021732","2-(1-Methylheptyl)-4,6-dinitrophenyl crotonate",364.398
"88-85-7","DTXSID3020207","Dinoseb",240.215
"165252-70-0","DTXSID7034549","1-Methyl-2-nitro-3-((tetrahydrofuran-3-yl)methyl)guanidine",202.214
"1420-07-1","DTXSID7041883","Dinoterb",240.215
"6988-21-2","DTXSID2041886","Dioxacarb",223.228
"78-34-2","DTXSID9020534","Dioxathion",456.52
"82-66-6","DTXSID4032378","Diphacinone",340.378
"957-51-7","DTXSID8024072","Diphenamid",239.318
"2764-72-9","DTXSID6034554","Diquat",184.241
"5131-24-8","DTXSID3041902","Ditalimfos",299.28
"97886-45-8","DTXSID9032379","Dithiopyr",401.41
"66840-71-9","DTXSID00891450","N,N-Dimethyl-N'-p-tolylsulphamide",214.28
"534-52-1","DTXSID1022053","4,6-Dinitro-o-cresol",198.134
"1593-77-7","DTXSID5041019","Dodemorph",281.484
"2439-10-3","DTXSID3020548","Dodecylguanidine acetate",287.448
"5707-69-7","DTXSID3041908","Drazoxolon",237.64
"17109-49-8","DTXSID7041910","Edifenphos",310.37
"121124-29-6","DTXSID80153164","Emamectin B1A",886.133
"121424-52-0","DTXSID80153265","Emamectin B1B",872.106
"115-29-7","DTXSID1020560","Endosulfan",406.9
"34467-12-4","DTXSID60188035","Imidazo(2,1-b)thiazole-2-carboxylic acid, 5,6-dihydro-3-methyl-, ethyl ester, hydrochloride",248.73
"2104-64-5","DTXSID7022174","O-Ethyl O-(p-nitrophenyl phenyl)phosphonothioate",323.3
"85785-20-2","DTXSID2058201","Esprocarb",265.42
"60207-93-4","DTXSID2041913","Etaconazole",328.19
"29973-13-5","DTXSID3037545","Ethiofencarb",225.31
"563-12-2","DTXSID2024086","Ethion",384.46
"181587-01-9","DTXSID6058003","Ethiprole",397.2
"23947-60-6","DTXSID6041927","Ethirimol",209.293
"26225-79-6","DTXSID8034580","Ethofumesate",286.34
"91-53-2","DTXSID9020582","Ethoxyquin",217.312
"126801-58-9","DTXSID1057951","Ethoxysulfuron",398.39
"80844-07-1","DTXSID9032610","Etofenprox",376.496
"38260-54-7","DTXSID7041964","Etrimfos",292.29
"52-85-7","DTXSID7041966","Famphur",325.33
"161326-34-7","DTXSID2034590","Fenamidone",311.4
"60168-88-9","DTXSID2032390","Fenarimol",331.2
"120928-09-8","DTXSID4040476","Fenazaquin",306.409
"119611-00-6","DTXSID8032548","4-(4-Chlorophenyl)-2-phenyl-2-(1H-1,2,4-triazol-1-ylmethyl)butyronitrile",336.82
"24691-80-3","DTXSID8058035","Fenfuram",201.225
"126833-17-8","DTXSID3032549","Fenhexamid",302.2
"3766-81-2","DTXSID4058077","Fenobucarb",207.273
"93-72-1","DTXSID0021387","2-(2,4,5-Trichlorophenoxy)propionic acid",269.5
"4841-20-7","DTXSID10863461","Fenoprop-methyl",283.53
"62850-32-2","DTXSID5058145","Fenothiocarb",253.36
"113158-40-0","DTXSID2057940","Fenoxaprop-P",333.72
"74738-17-3","DTXSID0036633","Fenpicionil",237.08
"64257-84-7","DTXSID0024002","Fenpropathrin",349.43
"67306-00-7","DTXSID9058157","Fenpropidin",273.464
"76492-92-7","DTXSID30860836","(2R,6S)-2,6-Dimethyl-4-{(2R)-2-methyl-3-[4-(2-methyl-2-propanyl)phenyl]propyl}morpholine",303.49
"134098-61-6","DTXSID7032557","Fenpyroximate",421.497
"80-38-6","DTXSID6041973","Fenson",268.71
"115-90-2","DTXSID6021953","Fensulfothion",308.35
"55-38-9","DTXSID8020620","Fenthion",278.32
"101-42-8","DTXSID7037551","Fenuron",164.208
"51630-58-1","DTXSID101017940","Fenvalerate",419.91
"58667-63-3","DTXSID1058137","Flamprop",321.73
"52756-22-6","DTXSID6041977","Flamprop-isopropyl",363.81
"104040-78-0","DTXSID3034610","Flazasulfuron",407.32
"90035-08-8","DTXSID1058212","Flocoumafen",542.554
"158062-67-0","DTXSID8034611","Flonicamid",229.162
"145701-23-1","DTXSID7044340","Florasulam",359.28
"229977-93-9","DTXSID4058027","Fluacrypyrim",426.392
"79241-46-6","DTXSID0034855","Butyl (2R)-2-(4-{[5-(trifluoromethyl)pyridin-2-yl]oxy}phenoxy)propanoate",383.367
"79622-59-6","DTXSID7032551","Fluazinam",465.09
"86811-58-7","DTXSID1046556","Fluazuron",506.21
"33245-39-5","DTXSID9032614","Fluchloralin",355.7
"113036-88-7","DTXSID0034356","Flucycloxuron",483.9
"70124-77-5","DTXSID0022301","Flucythrinate",451.47
"131341-86-1","DTXSID2032398","Fludioxonil",248.189
"142459-58-3","DTXSID2032552","Flufenacet",363.33
"101463-69-8","DTXSID1041978","Flufenoxuron",488.77
"162320-67-4","DTXSID7057993","Diflovidazin",304.68
"69770-45-2","DTXSID8058166","Flumethrin",510.39
"103361-09-7","DTXSID7032555","Flumioxazin",354.337
"77501-90-7","DTXSID0041983","Fluoroglycofen-ethyl",447.75
"361377-29-9","DTXSID2034625","Fluoxastrobin",458.83
"136426-54-5","DTXSID5057965","Fluquinconazole",376.17
"59756-60-4","DTXSID8024107","1-Methyl-3-phenyl-5-(3-(trifluoromethyl)phenyl)-4-pyridone",329.322
"61213-25-0","DTXSID0041987","Flurochloridone",312.11
"56425-91-3","DTXSID3024108","Flurprimidol",312.292
"96525-23-4","DTXSID5058228","Flurtamone",333.31
"4319-02-2","DTXSID8063412","Benzoic acid, 3,5-dihydroxy-4-methoxy-",184.147
"66332-96-5","DTXSID8024109","Flutolanil",323.315
"76674-21-0","DTXSID8040727","Flutriafol",301.297
"102851-06-9","DTXSID7037555","tau-Fluvalinate",502.92
"72178-02-0","DTXSID7024112","Fomesafen",438.76
"173159-57-4","DTXSID7034753","Foramsulfuron",452.44
"68157-60-8","DTXSID1034634","Forchlorfenuron",247.68
"22259-30-9","DTXSID9041990","Formetanate",221.26
"98886-44-3","DTXSID0034930","Fosthiazate",283.34
"3878-19-1","DTXSID4041995","Fuberidazole",184.198
"57646-30-7","DTXSID4047543","Furalaxyl",301.342
"65907-30-4","DTXSID3052725","Furathiocarb",382.48
"121776-33-8","DTXSID4041999","Furilazole",278.13
"51276-47-2","DTXSID0043973","Glufosinate",181.128
"111872-58-3","DTXSID3057935","Halfenprox",477.346
"112226-61-6","DTXSID4032619","Halofenozide",330.81
"87237-48-7","DTXSID9058492","Haloxyfop-etotyl",433.81
"23560-59-0","DTXSID5042037","Heptenophos",250.61
"79983-71-4","DTXSID4034653","Hexaconazole",314.21
"86479-06-3","DTXSID3032620","Hexaflumuron",461.14
"78587-05-0","DTXSID7024299","Hexythiazox",352.88
"73790-28-0","DTXSID8024151","Imazalil",297.18
"81405-85-8","DTXSID3032412","Imazamethabenz-methyl",NA
"81334-34-1","DTXSID8034665","Imazapyr",261.281
"122548-33-8","DTXSID2057946","Imazosulfuron",412.81
"86598-92-7","DTXSID7058204","Imibenconazole",411.73
"82211-24-3","DTXSID0058192","Inabenfide",338.79
"87-51-4","DTXSID5020738","Indole-3-acetic acid",175.187
"18181-70-9","DTXSID8040278","Iodenphos",412.99
"1689-83-4","DTXSID8022161","Ioxynil",370.916
"26087-47-8","DTXSID7058040","Iprobenfos",288.34
"36734-19-7","DTXSID3024154","Iprodione",330.17
"140923-17-7","DTXSID0047662","Iprovalicarb",320.433
"42509-80-8","DTXSID7034676","Isazofos",313.74
"30979-48-7","DTXSID70184967","N-Isobutyl-2-oxo-1-imidazolidinecarboxamide",185.227
"24353-61-5","DTXSID7042063","Isocarbophos",289.29
"25311-71-1","DTXSID8032417","Isofenphos",345.39
"99675-03-3","DTXSID80912551","Isofenphos-methyl",331.37
"2631-40-5","DTXSID6042072","Isoprocarb",193.246
"33820-53-0","DTXSID8024157","Isopropalin",309.366
"34123-59-6","DTXSID1042077","Isoproturon",206.289
"56046-17-4","DTXSID10204592","Isoproturon-desmethyl",178.235
"82558-50-7","DTXSID8024159","Isoxaben",332.4
"163520-33-0","DTXSID7040360","Ethyl 5,5-diphenyl-2-isoxazoline-3-carboxylate",295.338
"18854-01-8","DTXSID0042080","Isoxathion",313.31
"2164-08-1","DTXSID9042093","Lenacil",234.299
"21609-90-5","DTXSID3040279","Leptophos",412.06
"112-56-1","DTXSID6024674","2-(2-Butoxyethoxy)ethyl thiocyanate",203.3
"103055-07-8","DTXSID5034357","Lufenuron",511.15
"2595-54-2","DTXSID0042117","Mecarbam",329.37
"7619-35-4","DTXSID301365161","1,13-dimethyl-10-prop-2-enyl-10-azatricyclo[7.3.1.02,7]trideca-2(7),3,5-trien-4-ol",257.377
"135590-91-9","DTXSID6037564","Mefenpyr-diethyl",373.23
"53780-34-0","DTXSID7034709","Mefluidide",310.29
"110235-47-7","DTXSID4042121","Mepanipyrim",223.279
"55814-41-0","DTXSID1037565","Mepronil",269.344
"41394-05-2","DTXSID7047568","Metamitron",202.217
"67129-08-2","DTXSID4058156","Metazachlor",277.75
"18691-97-9","DTXSID0037570","Methabenzthiazuron",221.28
"62610-77-9","DTXSID0058144","Methacrifos",240.21
"28730-17-8","DTXSID8042137","Methfuroxam",229.279
"2032-65-7","DTXSID3032626","Methiocarb",225.31
"40596-69-8","DTXSID8032627","Methoprene",310.478
"841-06-5","DTXSID2040286","Methoprotryne",271.38
"3060-89-7","DTXSID6042157","Metobromuron",259.103
"1129-41-5","DTXSID8057938","Metolcarb",165.192
"133408-50-1","DTXSID1057959","Metominostrobin",284.315
"139528-85-1","DTXSID9047544","Metosulam",418.25
"19937-59-8","DTXSID1042158","Metoxuron",228.68
"220899-03-6","DTXSID9058020","Metrafenone",409.276
"74223-64-6","DTXSID6023864","Metsulfuron-methyl",381.36
"7786-34-7","DTXSID2032683","Mevinphos",224.149
"315-18-4","DTXSID7020893","Mexacarbate",222.288
"113-48-4","DTXSID6032562","Octylbicycloheptenedicarboximide",275.392
"6923-22-4","DTXSID9034816","Monocrotophos",223.165
"150-68-5","DTXSID0020311","Monuron",198.65
"15299-99-7","DTXSID5024211","Napropamide",271.36
"132-66-1","DTXSID6032437","Naptalam",291.306
"555-37-3","DTXSID4042200","Neburon",275.17
"150824-47-8","DTXSID8041080","(E)-Nitenpyram",270.72
"10552-74-6","DTXSID5037579","Nitrothal-isopropyl",295.291
"121451-02-3","DTXSID0034774","Noviflumuron",529.14
"63284-71-9","DTXSID2042220","Nuarimol",314.74
"58810-48-3","DTXSID6058138","Ofurace",281.74
"34622-58-7","DTXSID0058061","Orbencarb",257.78
"39807-15-3","DTXSID8058085","Oxadiargyl",341.19
"19666-30-9","DTXSID3024239","Oxadiazon",345.22
"77732-09-3","DTXSID2032631","Oxadixyl",278.308
"144651-06-9","DTXSID4034364","Oxasulfuron",406.41
"76738-62-0","DTXSID2024242","Paclobutrazol",293.8
"56-38-2","DTXSID7021100","Parathion",291.26
"87-86-5","DTXSID7021106","Pentachlorophenol",266.32
"1114-71-2","DTXSID8021199","Pebulate",203.34
"66246-88-6","DTXSID8042260","Penconazole",284.18
"66063-05-6","DTXSID3042261","Pencycuron",328.84
"35367-31-8","DTXSID8042262","Penfluron",344.241
"2307-68-8","DTXSID3042265","Pentanochlor",239.74
"52645-53-1","DTXSID8022292","Permethrin",391.29
"106700-29-2","DTXSID4057928","Pethoxamid",295.81
"13684-63-4","DTXSID1024255","Phenmedipham",300.314
"26002-80-2","DTXSID7032688","Phenothrin",350.458
"2597-03-7","DTXSID6042280","Phenthoate",320.36
"2310-17-0","DTXSID1024259","Phosalone",367.8
"5104-30-3",NA,NA,NA
"13171-21-6","DTXSID7021156","Phosphamidon",299.69
"14816-18-3","DTXSID8034324","Phoxim",298.3
"119515-38-7","DTXSID0034227","Icaridin",229.32
"1918-02-1","DTXSID1021160","Picloram",241.45
"137641-05-5","DTXSID8044339","Picolinafen",376.311
"117428-22-5","DTXSID9047542","Picoxystrobin",367.324
"23103-98-2","DTXSID1032569","Pirimicarb",238.291
"23505-41-1","DTXSID5042297","Pirimiphos-ethyl",333.39
"29232-93-7","DTXSID0024266","Pirimiphos-methyl",305.33
"51218-49-6","DTXSID8058112","Pretilachlor",311.85
"67747-09-5","DTXSID4024270","Prochloraz",376.66
"32809-16-8","DTXSID9033923","Procymidone",284.14
"139001-49-3","DTXSID5057969","Profoxydim",466.03
"88805-35-0","DTXSID1043966","Prohexadione",212.201
"2631-37-0","DTXSID4037617","Promecarb",207.273
"1918-16-7","DTXSID4024274","Propachlor",211.69
"24579-73-5","DTXSID1040295","Propamocarb",188.271
"7292-16-2","DTXSID2058172","Propaphos",304.34
"111479-05-1","DTXSID8057934","Propaquizafop",443.88
"31218-83-4","DTXSID7032470","Propetamphos",281.31
"122-42-9","DTXSID7020766","Propham",179.219
"145026-81-9","DTXSID8037704","Propoxycarbazone",398.39
"189278-12-4","DTXSID1058008","Proquinazid",372.206
"52888-80-9","DTXSID3058119","Prosulfocarb",251.39
"178928-70-6","DTXSID4034869","Prothioconazole",344.25
"129630-19-9","DTXSID8034871","Pyraflufen-ethyl",413.17
"13457-18-6","DTXSID7042352","Pyrazophos",373.36
"71561-11-0","DTXSID3058167","Pyrazoxyfen",403.26
"121-21-1","DTXSID4034499","Pyrethrin I",328.452
"121637-29-4","DTXSID901417738","Seminal plasma inhibin (85-94), tyr(85), cys(acm)(87)-",1215.34
"25402-06-6","DTXSID4041787","Cinerin I",316.441
"121-20-0","DTXSID9041788","Cinerin II",360.45
"4466-14-2","DTXSID5042081","Jasmolin I",330.468
"1172-63-0","DTXSID0042082","Jasmolin II",374.477
"88678-67-5","DTXSID2058209","Pyributicarb",330.45
"119-12-0","DTXSID2042355","Pyridaphenthion",340.33
"55512-33-9","DTXSID2032639","Pyridate",378.92
"88283-41-4","DTXSID2042359","Pyrifenox",295.16
"53112-28-0","DTXSID8034877","Pyrimethanil",199.257
"105779-78-0","DTXSID9057925","Pyrimidifen",377.91
"13593-03-8","DTXSID7024291","Quinalphos",298.3
"84087-01-4","DTXSID6032641","Quinclorac",242.06
"90717-03-6","DTXSID1042364","Quinmerac",221.64
"124495-18-7","DTXSID2034881","Quinoxyfen",308.13
"76578-14-8","DTXSID9023889","Quizalofop-ethyl",372.81
"40341-04-6","DTXSID20193342","1-Benzimidazolyl-3,5-dimethylpyrazole",212.256
"10453-86-8","DTXSID7022253","Resmethrin",338.447
"122931-48-0","DTXSID1032642","Rimsulfuron",431.44
"83-79-4","DTXSID6021248","Rotenone",394.423
"152-16-9","DTXSID0042373","Octamethylpyrophosphoramide",286.253
"7286-69-3","DTXSID7058171","Sebuthylazine",229.71
"26259-45-0","DTXSID8037594","Secbumeton",225.296
"74051-80-2","DTXSID9024304","Sethoxydim",327.48
"1014-70-6","DTXSID8037596","Simetryn",213.3
"168316-95-8","DTXSID7032478","Spinosad",NA
"131929-63-0","DTXSID3037599","Spinosyn D",745.995
"131929-61-8","DTXSID50904802","Spinosyn B",717.941
"148477-71-8","DTXSID6034928","Spirodiclofen",411.32
"283594-90-1","DTXSID1034929","Spiromesifen",370.489
"118134-30-8","DTXSID1034212","Spiroxamine",297.483
"57-24-9","DTXSID6023600","Strychnine",334.419
"99105-77-8","DTXSID9058230","Sulcotrione",328.76
"3689-24-5","DTXSID7024328","Sulfotep",322.31
"35400-43-2","DTXSID8032675","Sulprofos",322.44
"1918-18-9","DTXSID7042437","Swep",220.05
"21564-17-0","DTXSID6032647","2-(Thiocyanomethylthio)benzothiazole",238.34
"68716-49-4","DTXSID30444493","2-(4-Bromophenyl)-4,4,5,5-tetramethyl-1,3,2-dioxaborolane",282.97
"35256-85-0","DTXSID5041691","Butam",233.355
"83121-18-0","DTXSID6042440","Teflubenzuron",381.11
"79538-32-2","DTXSID5032577","Tefluthrin",418.74
"3383-96-8","DTXSID1032484","Temephos",466.46
"107-49-3","DTXSID3034957","Tetraethyl pyrophosphate",290.189
"149979-41-9","DTXSID7034252","Tepraloxydim",341.83
"33693-04-8","DTXSID1042445","Terbumeton",225.296
"886-50-0","DTXSID3024318","Terbutryn",241.36
"961-11-5","DTXSID1021320","Tetrachlorovinphos",365.95
"116-29-0","DTXSID7021316","Tetradifon",356.04
"1469-48-3","DTXSID0041220","cis-1,2,3,6-Tetrahydrophthalimide",151.165
"7696-12-0","DTXSID6032649","Tetramethrin",331.412
"96491-05-3","DTXSID0058227","Thenylchlor",323.84
"148-79-8","DTXSID0021337","Thiabendazole",201.25
"111988-49-9","DTXSID7034961","Thiacloprid",252.72
"153719-23-4","DTXSID2034962","Thiamethoxam",291.71
"117718-60-2","DTXSID1032488","Thiazopyr",396.38
"51707-55-2","DTXSID0032651","Thidiazuron",220.25
"79277-27-3","DTXSID1024124","Thifensulfuron methyl",387.39
"31895-21-3","DTXSID9047209","N,N-Dimethyl-1,2,3-trithian-5-amine",181.33
"59669-26-0","DTXSID0032578","Thiodicarb",354.46
"39196-18-4","DTXSID4042468","3,3-Dimethyl-1-(methylthio)butanone-O-(N-methylcarbamoyl)oxime",218.32
"640-15-3","DTXSID9042469","Thiometon",246.34
"297-97-2","DTXSID8042470","Thionazin",248.24
"23564-06-9","DTXSID3034531","Thiophanate",370.44
"23564-05-8","DTXSID1024338","Thiophanate-methyl",342.39
"137-26-8","DTXSID5021332","Bis(dimethylaminothiocarbonyl) disulfide",240.42
"36756-79-3","DTXSID6034425","Tiocarbazil",279.44
"34643-46-4","DTXSID8042349","Prothiofos",345.23
"57018-04-9","DTXSID0034776","Tolclofos-methyl",301.12
"129558-76-5","DTXSID6057952","Tolfenpyrad",383.88
"731-27-1","DTXSID8042478","Tolylfluanid",347.24
"87820-88-0","DTXSID1034973","Tralkoxydim",329.44
"66841-25-6","DTXSID0024343","Tralomethrin",665.014
"43121-43-3","DTXSID3023897","Triadimefon",293.75
"55219-65-3","DTXSID0032493","Triadimenol",295.77
"82097-50-5","DTXSID0024345","Triasulfuron",401.82
"112143-82-5","DTXSID5034307","Triazamate",314.4
"24017-47-8","DTXSID9037612","Triazophos",313.31
"72459-58-6","DTXSID3058169","Triazoxide",247.64
"101200-48-0","DTXSID8024101","Tribenuron-methyl",395.39
"52-68-6","DTXSID0021389","Trichlorfon",257.43
"327-98-0","DTXSID9038420","Trichloronat",333.59
"60825-26-5","DTXSID8069432","Acetic acid, [(3,5,6-trichloro-2-pyridinyl)oxy]-, methyl ester",270.49
"41814-78-2","DTXSID7037478","2,7,8,9-Tricyclazole",189.24
"145099-21-4","DTXSID0043971","Trifloxysulfuron",437.35
"68694-11-1","DTXSID2032500","Triflumizole",345.75
"64628-44-0","DTXSID5034355","Triflumuron",358.7
"126535-15-7","DTXSID2032502","Triflusulfuron-methyl",492.43
"26644-46-2","DTXSID5032654","N,N'-Bis(1-formamido-2,2,2-trichloroethyl)piperazine",434.95
"2655-15-4","DTXSID9041318","2,3,5-Trimethylphenyl methylcarbamate",193.246
"2686-99-9","DTXSID1040322","3,4,5-Trimethylphenyl methylcarbamate",193.246
"95266-40-3","DTXSID9032535","Trinexapac-ethyl",252.266
"131983-72-7","DTXSID0032655","Triticonazole",317.82
"83657-22-1","DTXSID7032505","(E)-1-(4-Chlorophenyl)-4,4-dimethyl-2-(1,2,4-triazol-1-yl)-1-penten-3-ol",291.78
"2275-23-2","DTXSID7042510","Vamidothion",287.33
"95-06-7","DTXSID7021289","Sulfallate",223.78
"50471-44-8","DTXSID4022361","Vinclozolin",286.11
"2655-14-3","DTXSID7058042","XMC",179.219
"156052-68-5","DTXSID9032581","Zoxamide",336.64
"18625-12-2","DTXSID70171872","Butanoic acid, 4-(2,4-dichlorophenoxy)-, methyl ester",263.11
"1928-38-7","DTXSID6041349","2,4-D-Methyl",235.06
"1418095-02-9","DTXSID60891330","2-Carbamoyl-3,5,6-trichloro-4-cyanobenzenesulfonic acid",329.53
"1668-54-8","DTXSID4041230","2-Amino-4-methoxy-6-methyl-1,3,5-triazine",140.146
"1869-24-5","DTXSID80380751","2-(Trifluoromethyl)benzenesulfonamide",225.19
"6515-38-4","DTXSID7038317","3,5,6-Trichloro-2-pyridinol",198.43
"90-98-2","DTXSID3037626","4,4'-Dichlorobenzophenone",251.11
"6299-92-9","DTXSID20286364","1H-benzimidazol-1-amine",133.154
"1185255-09-7","DTXSID10891507","Azoxystrobin acid",389.367
"98-10-2","DTXSID1059159","Benzenesulfonamide",157.19
"3337-62-0","DTXSID4041656","3,5-Dibromo-4-hydroxybenzoic acid",295.914
"53774-07-5","DTXSID9073547","Benzoic acid, 5-(2,4-dichlorophenoxy)-2-nitro-",328.1
"34681-24-8","DTXSID701016538","Butocarboxim sulfoxide",206.26
"5259-88-1","DTXSID8034792","Oxycarboxin",267.3
"252913-85-2","DTXSID50892513","Trifloxystrobin acid",394.35
"17254-80-7","DTXSID80891453","Methyldesphenylchloridazon",159.57
"6339-19-1","DTXSID50212792","5-Amino-4-chloro-3(2H)-pyridazinone",145.55
"1231710-75-0","DTXSID20891457","Dimethachlor-ethane sulfonic acid (ESA) sodium",323.34
"1086384-49-7","DTXSID80891458","Dimethachlor OXA",251.282
"380412-59-9","DTXSID4037530","Dimethenamid OA",271.33
"95-68-1","DTXSID8026305","2,4-Dimethylaniline",121.183
"4710-17-2","DTXSID60197041","N,N-Dimethyl-N′-phenylsulfamide",200.26
"1031-07-8","DTXSID3037541","Endosulfan sulfate",422.9
"53380-23-7","DTXSID80968033","Ethiofencarb sulfone",257.3
"53380-22-6","DTXSID20968032","Ethiofencarb sulfoxide",241.31
"14255-72-2","DTXSID80162079","Fensulfothion sulfone",324.35
"6552-12-1","DTXSID1041974","Fenthion oxon",262.26
"3761-42-0","DTXSID6041975","Fenthion sulfone",310.32
"3761-41-9","DTXSID9058076","Mesulfenfos",294.32
"205650-65-3","DTXSID0043719","Fipronil desulfinyl",389.08
"201668-32-8","DTXSID60891451","[(4-Fluorophenyl)(propan-2-yl)carbamoyl]methanesulfonic acid",275.29
"201668-31-7","DTXSID2037552","N-(4-Fluorophenyl)-N-methylethyl-aminooxoacetic acid",225.219
"2436-73-9","DTXSID60179100","MCPA methyl ester",214.65
"2786-19-8","DTXSID70863023","Methyl 2-(4-chloro-2-methylphenoxy)propanoate",228.67
"110964-79-9","DTXSID0074639","4-Mesyl-2-nitrobenzoic acid",245.21
"36993-94-9","DTXSID30190483","2H-1,2,4-triazin-5-one, 3-methyl-6-phenyl-",187.202
"1242182-77-9","DTXSID201017812","Metazachlor BH 479-11",305.4
"1246215-97-3","DTXSID501017811","Metazachlor BH 479-9",349.41
"1231244-60-2","DTXSID00891455","Metazachlor OXA",273.292
"172960-62-2","DTXSID40891454","Metazachlor ESA",323.37
"2179-25-1","DTXSID3042138","Methiocarb sulfone",257.3
"2635-10-1","DTXSID8042139","Methiocarb sulfoxide",241.31
"22454-92-8","DTXSID20865052","Mesurol phenol sulfoxide",184.25
"1217465-10-5","DTXSID70746827","N-(Carboxycarbonyl)-N-(2-ethyl-6-methylphenyl)-L-alanine",279.292
"1173021-76-5","DTXSID901016134","Sodium 2-(2-ethyl-6-methylanilino)-2-oxoethane-1-sulfonate",279.29
"120375-14-6","DTXSID30891443","Metolachlor morpholinone",233.311
"1418095-19-8","DTXSID901016160","N-(2-Ethyl-6-methylphenyl)-N-(2-sulfoacetyl)-L-alanine",329.37
"33089-74-6","DTXSID1037696","N'-(2,4-Dimethylphenyl)-N-methylformamidine",162.236
"60397-77-5","DTXSID6037697","N-(2,4-Dimethylphenyl)formamide",149.193
"298-00-0","DTXSID1020855","Methyl parathion",263.2
"94-71-3","DTXSID2042276","o-Ethoxyphenol",138.166
"30614-22-3","DTXSID20865552","Pirimicarb-desmethyl",224.264
"67747-01-7","DTXSID90891606","N-[2-(2,4,6-trichlorophenoxy)ethyl]propan-1-amine",282.59
"139542-32-8","DTXSID50891607","N-{Propyl[2-(2,4,6-trichlorophenoxy)ethyl]carbamoyl}formamide",353.62
"123732-85-4","DTXSID20891452","2-[(1-Methylethyl)phenylamino]-2-oxoethanesulfonic acid",257.3
"70628-36-3","DTXSID8037592","2-[(1-Methylethyl)phenylamino]-2-oxoacetic acid",207.229
"7374-53-0","DTXSID40224061","1,3,5-Triazin-2(1H)-one, 4,6-bis((1-methylethyl)amino)-",211.269
"120983-64-4","DTXSID3044338","2-(1-Chlorocyclopropyl)-1-(2-chlorophenyl)-3-(1H-1,2,4-triazol-1-yl)-2-propanol",312.19
"95977-28-9","DTXSID60273935","Quizalofop",344.75
"66753-07-9","DTXSID20216888","Hydroxyterbuthylazine",211.269
"30125-63-4","DTXSID80184211","Desethylterbutylazine",201.66
"66753-06-8","DTXSID60216887","4-amino-6-(tert-butylamino)-1,3,5-triazin-2-ol",183.215
"676228-91-4","DTXSID60583566","Thiacloprid amide",270.74
"84352-75-0","DTXSID40510618","5-(Trifluoromethyl)-1,3,4-thiadiazol-2(3H)-one",170.11
"88-06-2","DTXSID5021386","2,4,6-Trichlorophenol",197.44
"126-68-1","DTXSID7059567","O,O,O-Triethyl phosphorothioate",198.22
"104273-73-6","DTXSID501019900","Trinexapac",224.212
"2634-33-5","DTXSID5032523","1,2-Benzisothiazolin-3-one",151.18
"732-26-3","DTXSID2021311","2,4,6-Tris(tert-butyl)phenol",262.437
"88-63-1","DTXSID3044465","2,4-Diaminobenzenesulfonic acid",188.2
"65-85-0","DTXSID6020143","Benzoic acid",122.123
"94-26-8","DTXSID3020209","Butylparaben",194.23
"458-37-7","DTXSID8031077","Curcumin",368.385
"47324-98-1","DTXSID9043770","Denatonium",325.475
"3567-69-9","DTXSID3021225","Azorubine",502.42
"915-67-3","DTXSID2021232","Amaranth",604.46
"2611-82-7","DTXSID9021213","C.I. Acid Red 18, trisodium salt",604.46
"3734-67-6","DTXSID9044663","C.I. Acid Red 1",509.41
"25956-17-6","DTXSID4024436","Allura Red C.I.16035",496.42
"120-47-8","DTXSID9022528","Ethylparaben",166.176
"564-35-2","DTXSID8036499","11-Ketotestosterone",302.414
"566-76-7","DTXSID901047947","16alpha-Hydroxyestrone",286.371
"68-96-2","DTXSID6040747","17alpha-Hydroxyprogesterone",330.468
"1225-01-0","DTXSID10893662","5alpha-Estran-3alpha-ol-17-one",276.42
"382-44-5","DTXSID8040931","11beta-Hydroxyandrostenedione",302.414
"566-48-3","DTXSID3034113","4-Hydroxyandrostenedione",302.414
"3131-23-5","DTXSID00904312","4-Hydroxyestrone",286.371
"63-05-8","DTXSID8024523","4-Androstene-3,17-dione",286.415
"52-39-1","DTXSID7022419","Aldosterone",360.45
"24704-84-5","DTXSID90550721","(6alpha)-6-Hydroxyandrost-4-ene-3,17-dione",302.414
"53-41-8","DTXSID3036525","Androsterone",290.447
"1852-43-3","DTXSID80862764","Androsterone glucuronide",466.571
"846-48-0","DTXSID20894201","17beta-Boldenone",286.415
"50-22-6","DTXSID6022474","Corticosterone",346.467
"50-23-7","DTXSID7020714","Hydrocortisone",362.466
"53-06-5","DTXSID5022857","Cortisone",360.45
"1420-68-4","DTXSID10931295","3,20-Dioxopregn-4-en-21-yl heptanoate",442.64
"53-43-0","DTXSID4020379","Dehydroepiandrosterone",288.431
"58-19-5","DTXSID6022971","Dromostanolone",304.474
"152-62-5","DTXSID1022974","Dydrogesterone",312.453
"53-16-7","DTXSID4022367","Estrone",270.372
"362-06-1","DTXSID80904315","2-Hydroxyestrone",286.371
"50-28-2","DTXSID0020573","17beta-Estradiol",272.388
"50-27-1","DTXSID9022366","Estriol",288.387
"57-63-6","DTXSID5020576","17alpha-Ethinylestradiol",296.41
"481-29-8","DTXSID20289698","Epiandrosterone",290.447
"33036-33-8","DTXSID601043346","19-Noretiocholanolone",276.42
"73-31-4","DTXSID1022421","Melatonin",232.283
"1424-00-6","DTXSID90878533","Mesterolone",304.474
"434-05-9","DTXSID40963004","Methenolone acetate",344.495
"153-00-4","DTXSID10165179","Methenolone",302.458
"434-22-0","DTXSID7023350","Nandrolone",274.404
"62-90-8","DTXSID2023353","Nandrolone phenpropionate",406.566
"52-78-8","DTXSID0023379","Norethandrolone",302.458
"35189-28-7","DTXSID1046922","Norgestimate",369.505
"6533-00-2","DTXSID3047477","dl-Norgestrel",312.453
"53-33-8","DTXSID3023421","Paramethasone",392.467
"57-83-0","DTXSID3022370","Progesterone",314.469
"10418-03-8","DTXSID3044128","Stanozolol",328.5
"58-18-4","DTXSID1033664","17-Methyltestosterone",302.458
"2088-71-3","DTXSID50943135","Testosterone benzoate",392.539
"2944-87-8","DTXSID10477022","6alpha-Hydroxytestosterone",304.43
"53-05-4","DTXSID70878591","Tetrahydrocortisone",364.482
"53-02-1","DTXSID601018917","Tetrahydrocortisol",366.498
"302-91-0","DTXSID80861575","3alpha,5alpha-Tetrahydrocortisol",366.498
"10161-33-8","DTXSID0034192","17beta-Trenbolone",270.372
"143924-51-0",NA,NA,NA
"581-49-7","DTXSID901016110","(-)-Anatabine",160.22
"63-75-2","DTXSID3022617","Arecoline",155.197
"58-08-2","DTXSID0020232","Caffeine",194.194
"709-55-7","DTXSID1023029","Etilefrine",181.235
"486-84-0","DTXSID80197568","Harman",182.226
"54-11-5","DTXSID1020930","(-)-Nicotine",162.236
"83-67-0","DTXSID9026132","Theobromine",180.167
"58-55-9","DTXSID5021336","Theophylline",180.167
"486-56-6","DTXSID1047576","Cotinine",176.219
"34834-67-8","DTXSID30873224","trans-3'-Hydroxycotinine",192.218
"17685-04-0","DTXSID00904317","Ethyl glucuronide",222.193
"540-82-9","DTXSID10862151","Ethyl hydrogen sulfate",126.13
"5746-86-1","DTXSID50862034","(+/-)-Nornicotine",148.209
"919005-14-4","DTXSID40881350","4,8-Dioxa-3H-perfluorononanoic acid",378.07
"151-41-7","DTXSID0042088","Lauryl sulfate",266.4
"201686-09-1","DTXSID1047495","Ethoxylated dodecyl alcohol sulfate",NA
"7577-59-5","DTXSID40859791","2-[2-(Dodecyloxy)ethoxy]ethyl hydrogen sulfate",354.5
"13150-00-0","DTXSID3052852","Sodium lauryltrioxyethylene sulfate",420.54
"4754-44-3","DTXSID8041292","Tetradecyl sulfate",294.45
"65086-79-5","DTXSID80891271","Myreth sulfate",NA
"118033-75-3","DTXSID50873943","2-[2-(Tetradecyloxy)ethoxy]ethyl hydrogen sulfate",382.56
"216667-08-2","DTXSID50398742","ASB-14",434.68
"10328-35-5","DTXSID60872947","N-Benzyl-N,N-dimethyldodecan-1-aminium",304.541
"23884-64-2","DTXSID90178585","Benzoxonium",364.593
"10328-34-4","DTXSID3047007","Benzyl hexadecyl dimethyl ammonium",360.649
"5285-67-6","DTXSID801370636","N,N-Dimethyl-N-tetradecylbenzenemethanaminium chloroiodoiodate(1-) (1:1)",621.85
"2627-06-7","DTXSID5041647","Sodium 4-decylbenzenesulfonate",320.42
"121-65-3","DTXSID8050443","4-Dodecylbenzenesulfonic acid",326.5
"65186-01-8","DTXSID30880453","4-(1-Ethyldodecyl)benzenesulfonic acid",354.55
"107514-80-7","DTXSID80860447","4-(Pentadecan-3-yl)benzene-1-sulfonic acid",368.58
"16722-32-0","DTXSID0066111","4-Hexadecylbenzenesulfonic acid",382.6
"20256-56-8","DTXSID0048004","Dialkyl dimethyl ammonium compound C10:C10 (DADMAC C10:C10)",326.632
"107-64-2","DTXSID8026771","Dimethyldioctadecylammonium chloride",586.52
"121734-15-4","DTXSID30153351","Dodecyl benzenesulfonate",326.5
"6899-10-1","DTXSID3047978","N,N,N-Trimethyl-1-hexadecanaminium",284.551
"4292-10-8","DTXSID4041282","Amidopropylalkyl carboxymethyl dimethyl ammonium compound C12 (apAcMDMAC C12)",342.524
"142-54-1","DTXSID00861815","N-(2-Hydroxypropyl)dodecanamide",257.418
"120-40-1","DTXSID5025491","N,N-Bis(2-hydroxyethyl)dodecanamide",287.444
"1120-24-7","DTXSID1049566","Decyldimethylamine",185.355
"112-18-5","DTXSID1026906","N,N-Dimethyldodecan-1-amine",213.409
"1643-20-5","DTXSID1020514","N,N-Dimethyldodecylamine-N-oxide",229.408
"3984-14-3","DTXSID3074735","N,N-Dimethylsulfamide",124.16
"112-75-4","DTXSID4026927","Dimethyl(tetradecyl)amine",241.463
"3332-27-2","DTXSID2029660","N,N-Dimethyl-1-tetradecanamine N-oxide",257.462
"5274-68-0","DTXSID3063752","Tetraethylene glycol monododecyl ether",362.551
"102-06-7","DTXSID3025178","1,3-Diphenylguanidine",211.268
"248-580-6",NA,NA,NA
"72733-80-3","DTXSID80447656","2-Benzothiazolesulfinicacid",199.24
"996-315-4",NA,NA,NA
"18559-94-9","DTXSID5021255","Salbutamol",239.315
"13351-73-0","DTXSID40158150","1H-Benzotriazole, 1-methyl-",133.154
"88-97-1","DTXSID0058980","2-(Aminocarbonyl)-benzoic acid",165.148
"64665-57-2","DTXSID4028125","Sodium tolyltriazole",NA
"950782-86-2","DTXSID0058223","Indaziflam",301.369
"946578-00-3","DTXSID0074687","Sulfoxaflor",277.27
"89482-17-7","DTXSID20904096","erythro-Triadimenol",295.77
"65600-61-5","DTXSID30701179","Sodium 2,3,3-trichloroprop-2-ene-1-sulfonate",247.45
"7790-94-5","DTXSID1029706","Chlorosulfuric acid",116.52
"205650-69-7","DTXSID60873419","Fipronil amide",455.16
"1174758-89-4","DTXSID901032396","N-[4-Hydroxy-3-(trifluoromethyl)phenyl]-N′-methylurea",234.178
"2327-06-2",NA,NA,NA
"104673-29-2","DTXSID301019328","Chitosan, N-(2-hydroxypropyl)",NA
"7104-58-7","DTXSID70542947","1-(4-Chlorophenyl)-1H-benzimidazol-5-amine",243.69
"67098-95-5",NA,NA,NA
"72748-35-7","DTXSID801024817","rel-(1R,3R)-3-(2-Chloro-3,3,3-trifluoro-1-propen-1-yl)-2,2-dimethylcyclopropanecarboxylic acid",242.62
"133855988",NA,NA,NA
"95147","DTXSID3095147","Soybean oil, sulfated, sodium salt",NA
"85687",NA,NA,NA
"29385431",NA,NA,NA
"85405",NA,NA,NA
"335762","DTXSID40335762","N-cyclobutyl-N-methyl-benzamide",189.258
"1672588",NA,NA,NA
"18559949",NA,NA,NA
"131577",NA,NA,NA
"42542109",NA,NA,NA
"3567622",NA,NA,NA
"2327028",NA,NA,NA
"23950585",NA,NA,NA
"2599113",NA,NA,NA
"5746861",NA,NA,NA
"10172608",NA,NA,NA
"838857","DTXSID70838857","(Acetyloxy)(diphenyl)germane",286.894
"78400",NA,NA,NA
"115866",NA,NA,NA
"375735","DTXSID50375735","2-benzoylhexanenitrile",201.269
"2058948",NA,NA,NA
"27503817",NA,NA,NA
"2163680",NA,NA,NA
"6190654",NA,NA,NA
"25057890",NA,NA,NA
